"filename", "language", "JSON", "SQL", "JSON with Comments", "TypeScript", "JavaScript", "HTML", "CSS", "Markdown", "XML", "SCSS", "comment", "blank", "total"
"c:\Users\andy_\OneDrive\Documentos\Vinculacion\Back-End\Modulos\Mod-Convenios\controllers\convenioController.js", "JavaScript", 0, 0, 0, 0, 199, 0, 0, 0, 0, 0, 22, 94, 315
"c:\Users\andy_\OneDrive\Documentos\Vinculacion\Back-End\Modulos\Mod-Convenios\controllers\coordinadorController.js", "JavaScript", 0, 0, 0, 0, 60, 0, 0, 0, 0, 0, 2, 25, 87
"c:\Users\andy_\OneDrive\Documentos\Vinculacion\Back-End\Modulos\Mod-Convenios\controllers\dependenciaController.js", "JavaScript", 0, 0, 0, 0, 50, 0, 0, 0, 0, 0, 2, 18, 70
"c:\Users\andy_\OneDrive\Documentos\Vinculacion\Back-End\Modulos\Mod-Convenios\controllers\institucionController.js", "JavaScript", 0, 0, 0, 0, 52, 0, 0, 0, 0, 0, 0, 11, 63
"c:\Users\andy_\OneDrive\Documentos\Vinculacion\Back-End\Modulos\Mod-Convenios\controllers\planificacionControler.js", "JavaScript", 0, 0, 0, 0, 15, 0, 0, 0, 0, 0, 0, 4, 19
"c:\Users\andy_\OneDrive\Documentos\Vinculacion\Back-End\Modulos\Mod-Convenios\routes\rutasConvenio.js", "JavaScript", 0, 0, 0, 0, 12, 0, 0, 0, 0, 0, 0, 5, 17
"c:\Users\andy_\OneDrive\Documentos\Vinculacion\Back-End\Modulos\Mod-Convenios\routes\rutasCoordinador.js", "JavaScript", 0, 0, 0, 0, 9, 0, 0, 0, 0, 0, 0, 3, 12
"c:\Users\andy_\OneDrive\Documentos\Vinculacion\Back-End\Modulos\Mod-Convenios\routes\rutasDependencia.js", "JavaScript", 0, 0, 0, 0, 8, 0, 0, 0, 0, 0, 0, 2, 10
"c:\Users\andy_\OneDrive\Documentos\Vinculacion\Back-End\Modulos\Mod-Convenios\routes\rutasInstitucion.js", "JavaScript", 0, 0, 0, 0, 8, 0, 0, 0, 0, 0, 0, 4, 12
"c:\Users\andy_\OneDrive\Documentos\Vinculacion\Back-End\Modulos\Mod-Convenios\routes\rutasPlanificacion.js", "JavaScript", 0, 0, 0, 0, 5, 0, 0, 0, 0, 0, 0, 2, 7
"c:\Users\andy_\OneDrive\Documentos\Vinculacion\Back-End\Modulos\Mod-Seguimiento\controllers\EstadoInformeController.js", "JavaScript", 0, 0, 0, 0, 25, 0, 0, 0, 0, 0, 0, 14, 39
"c:\Users\andy_\OneDrive\Documentos\Vinculacion\Back-End\Modulos\Mod-Seguimiento\controllers\actividadInformeController.js", "JavaScript", 0, 0, 0, 0, 54, 0, 0, 0, 0, 0, 0, 18, 72
"c:\Users\andy_\OneDrive\Documentos\Vinculacion\Back-End\Modulos\Mod-Seguimiento\controllers\eqInformeController.js", "JavaScript", 0, 0, 0, 0, 58, 0, 0, 0, 0, 0, 0, 19, 77
"c:\Users\andy_\OneDrive\Documentos\Vinculacion\Back-End\Modulos\Mod-Seguimiento\controllers\informeController.js", "JavaScript", 0, 0, 0, 0, 138, 0, 0, 0, 0, 0, 4, 52, 194
"c:\Users\andy_\OneDrive\Documentos\Vinculacion\Back-End\Modulos\Mod-Seguimiento\routes\rutasActividadInforme.js", "JavaScript", 0, 0, 0, 0, 8, 0, 0, 0, 0, 0, 0, 2, 10
"c:\Users\andy_\OneDrive\Documentos\Vinculacion\Back-End\Modulos\Mod-Seguimiento\routes\rutasEqInforme.js", "JavaScript", 0, 0, 0, 0, 8, 0, 0, 0, 0, 0, 0, 4, 12
"c:\Users\andy_\OneDrive\Documentos\Vinculacion\Back-End\Modulos\Mod-Seguimiento\routes\rutasEstadoInforme.js", "JavaScript", 0, 0, 0, 0, 6, 0, 0, 0, 0, 0, 0, 4, 10
"c:\Users\andy_\OneDrive\Documentos\Vinculacion\Back-End\Modulos\Mod-Seguimiento\routes\rutasInforme.js", "JavaScript", 0, 0, 0, 0, 13, 0, 0, 0, 0, 0, 0, 4, 17
"c:\Users\andy_\OneDrive\Documentos\Vinculacion\Back-End\Modulos\Mod-Seguridad\controllers\index.AccionController.js", "JavaScript", 0, 0, 0, 0, 61, 0, 0, 0, 0, 0, 1, 19, 81
"c:\Users\andy_\OneDrive\Documentos\Vinculacion\Back-End\Modulos\Mod-Seguridad\controllers\index.FuncionController.js", "JavaScript", 0, 0, 0, 0, 61, 0, 0, 0, 0, 0, 1, 16, 78
"c:\Users\andy_\OneDrive\Documentos\Vinculacion\Back-End\Modulos\Mod-Seguridad\controllers\index.GrupoController.js", "JavaScript", 0, 0, 0, 0, 61, 0, 0, 0, 0, 0, 1, 12, 74
"c:\Users\andy_\OneDrive\Documentos\Vinculacion\Back-End\Modulos\Mod-Seguridad\controllers\index.PerfilController.js", "JavaScript", 0, 0, 0, 0, 94, 0, 0, 0, 0, 0, 1, 24, 119
"c:\Users\andy_\OneDrive\Documentos\Vinculacion\Back-End\Modulos\Mod-Seguridad\controllers\index.RolController.js", "JavaScript", 0, 0, 0, 0, 63, 0, 0, 0, 0, 0, 2, 30, 95
"c:\Users\andy_\OneDrive\Documentos\Vinculacion\Back-End\Modulos\Mod-Seguridad\routes\index.rutasAccion.js", "JavaScript", 0, 0, 0, 0, 10, 0, 0, 0, 0, 0, 0, 3, 13
"c:\Users\andy_\OneDrive\Documentos\Vinculacion\Back-End\Modulos\Mod-Seguridad\routes\index.rutasFuncion.js", "JavaScript", 0, 0, 0, 0, 9, 0, 0, 0, 0, 0, 0, 3, 12
"c:\Users\andy_\OneDrive\Documentos\Vinculacion\Back-End\Modulos\Mod-Seguridad\routes\index.rutasGrupo.js", "JavaScript", 0, 0, 0, 0, 9, 0, 0, 0, 0, 0, 0, 4, 13
"c:\Users\andy_\OneDrive\Documentos\Vinculacion\Back-End\Modulos\Mod-Seguridad\routes\index.rutasPerfil.js", "JavaScript", 0, 0, 0, 0, 12, 0, 0, 0, 0, 0, 0, 3, 15
"c:\Users\andy_\OneDrive\Documentos\Vinculacion\Back-End\Modulos\Mod-Seguridad\routes\index.rutasRol.js", "JavaScript", 0, 0, 0, 0, 9, 0, 0, 0, 0, 0, 0, 4, 13
"c:\Users\andy_\OneDrive\Documentos\Vinculacion\Back-End\funciones\calculoPeriodoPlanificaci√≥n.js", "JavaScript", 0, 0, 0, 0, 24, 0, 0, 0, 0, 0, 1, 8, 33
"c:\Users\andy_\OneDrive\Documentos\Vinculacion\Back-End\funciones\conexionBase.js", "JavaScript", 0, 0, 0, 0, 9, 0, 0, 0, 0, 0, 0, 2, 11
"c:\Users\andy_\OneDrive\Documentos\Vinculacion\Back-End\index.js", "JavaScript", 0, 0, 0, 0, 31, 0, 0, 0, 0, 0, 7, 9, 47
"c:\Users\andy_\OneDrive\Documentos\Vinculacion\Back-End\package-lock.json", "JSON", 2128, 0, 0, 0, 0, 0, 0, 0, 0, 0, 0, 1, 2129
"c:\Users\andy_\OneDrive\Documentos\Vinculacion\Back-End\package.json", "JSON", 20, 0, 0, 0, 0, 0, 0, 0, 0, 0, 0, 1, 21
"c:\Users\andy_\OneDrive\Documentos\Vinculacion\Back-End\rutas\mod-convenios.js", "JavaScript", 0, 0, 0, 0, 8, 0, 0, 0, 0, 0, 0, 2, 10
"c:\Users\andy_\OneDrive\Documentos\Vinculacion\Back-End\rutas\mod-seguimiento.js", "JavaScript", 0, 0, 0, 0, 8, 0, 0, 0, 0, 0, 0, 1, 9
"c:\Users\andy_\OneDrive\Documentos\Vinculacion\Back-End\rutas\mod-seguridad.js", "JavaScript", 0, 0, 0, 0, 8, 0, 0, 0, 0, 0, 0, 3, 11
"c:\Users\andy_\OneDrive\Documentos\Vinculacion\Back-End\rutas\rutas-funciones.js", "JavaScript", 0, 0, 0, 0, 4, 0, 0, 0, 0, 0, 0, 2, 6
"c:\Users\andy_\OneDrive\Documentos\Vinculacion\CalcularPeriodos\calculo.js", "JavaScript", 0, 0, 0, 0, 21, 0, 0, 0, 0, 0, 1, 12, 34
"c:\Users\andy_\OneDrive\Documentos\Vinculacion\CalcularPeriodos\calculo2.js", "JavaScript", 0, 0, 0, 0, 22, 0, 0, 0, 0, 0, 1, 10, 33
"c:\Users\andy_\OneDrive\Documentos\Vinculacion\CalcularPeriodos\package-lock.json", "JSON", 24, 0, 0, 0, 0, 0, 0, 0, 0, 0, 0, 1, 25
"c:\Users\andy_\OneDrive\Documentos\Vinculacion\CalcularPeriodos\package.json", "JSON", 15, 0, 0, 0, 0, 0, 0, 0, 0, 0, 0, 1, 16
"c:\Users\andy_\OneDrive\Documentos\Vinculacion\Front-End\Convenios\README.md", "Markdown", 0, 0, 0, 0, 0, 0, 0, 14, 0, 0, 0, 14, 28
"c:\Users\andy_\OneDrive\Documentos\Vinculacion\Front-End\Convenios\angular.json", "JSON", 114, 0, 0, 0, 0, 0, 0, 0, 0, 0, 0, 2, 116
"c:\Users\andy_\OneDrive\Documentos\Vinculacion\Front-End\Convenios\package-lock.json", "JSON", 23236, 0, 0, 0, 0, 0, 0, 0, 0, 0, 0, 1, 23237
"c:\Users\andy_\OneDrive\Documentos\Vinculacion\Front-End\Convenios\package.json", "JSON", 47, 0, 0, 0, 0, 0, 0, 0, 0, 0, 0, 1, 48
"c:\Users\andy_\OneDrive\Documentos\Vinculacion\Front-End\Convenios\src\app\AutentucacionCas\CasClient.ts", "TypeScript", 0, 0, 0, 133, 0, 0, 0, 0, 0, 0, 6, 25, 164
"c:\Users\andy_\OneDrive\Documentos\Vinculacion\Front-End\Convenios\src\app\AutentucacionCas\CasClientUser.ts", "TypeScript", 0, 0, 0, 8, 0, 0, 0, 0, 0, 0, 0, 1, 9
"c:\Users\andy_\OneDrive\Documentos\Vinculacion\Front-End\Convenios\src\app\AutentucacionCas\http.service.spec.ts", "TypeScript", 0, 0, 0, 12, 0, 0, 0, 0, 0, 0, 0, 4, 16
"c:\Users\andy_\OneDrive\Documentos\Vinculacion\Front-End\Convenios\src\app\AutentucacionCas\http.service.ts", "TypeScript", 0, 0, 0, 14, 0, 0, 0, 0, 0, 0, 10, 6, 30
"c:\Users\andy_\OneDrive\Documentos\Vinculacion\Front-End\Convenios\src\app\Modulos\Admin-Convenios\Analista-Vinculacion\pg-admin-convenios\pg-admin-convenios.component.css", "CSS", 0, 0, 0, 0, 0, 0, 143, 0, 0, 0, 2, 38, 183
"c:\Users\andy_\OneDrive\Documentos\Vinculacion\Front-End\Convenios\src\app\Modulos\Admin-Convenios\Analista-Vinculacion\pg-admin-convenios\pg-admin-convenios.component.html", "HTML", 0, 0, 0, 0, 0, 300, 0, 0, 0, 0, 1, 98, 399
"c:\Users\andy_\OneDrive\Documentos\Vinculacion\Front-End\Convenios\src\app\Modulos\Admin-Convenios\Analista-Vinculacion\pg-admin-convenios\pg-admin-convenios.component.spec.ts", "TypeScript", 0, 0, 0, 17, 0, 0, 0, 0, 0, 0, 0, 5, 22
"c:\Users\andy_\OneDrive\Documentos\Vinculacion\Front-End\Convenios\src\app\Modulos\Admin-Convenios\Analista-Vinculacion\pg-admin-convenios\pg-admin-convenios.component.ts", "TypeScript", 0, 0, 0, 413, 0, 0, 0, 0, 0, 0, 20, 104, 537
"c:\Users\andy_\OneDrive\Documentos\Vinculacion\Front-End\Convenios\src\app\Modulos\Admin-Convenios\Analista-Vinculacion\pg-convenios\pg-convenios.component.css", "CSS", 0, 0, 0, 0, 0, 0, 64, 0, 0, 0, 0, 22, 86
"c:\Users\andy_\OneDrive\Documentos\Vinculacion\Front-End\Convenios\src\app\Modulos\Admin-Convenios\Analista-Vinculacion\pg-convenios\pg-convenios.component.html", "HTML", 0, 0, 0, 0, 0, 23, 0, 0, 0, 0, 0, 13, 36
"c:\Users\andy_\OneDrive\Documentos\Vinculacion\Front-End\Convenios\src\app\Modulos\Admin-Convenios\Analista-Vinculacion\pg-convenios\pg-convenios.component.spec.ts", "TypeScript", 0, 0, 0, 17, 0, 0, 0, 0, 0, 0, 0, 5, 22
"c:\Users\andy_\OneDrive\Documentos\Vinculacion\Front-End\Convenios\src\app\Modulos\Admin-Convenios\Analista-Vinculacion\pg-convenios\pg-convenios.component.ts", "TypeScript", 0, 0, 0, 28, 0, 0, 0, 0, 0, 0, 0, 8, 36
"c:\Users\andy_\OneDrive\Documentos\Vinculacion\Front-End\Convenios\src\app\Modulos\Admin-Convenios\Analista-Vinculacion\pg-datos-coordinador\pg-datos-coordinador.component.css", "CSS", 0, 0, 0, 0, 0, 0, 7, 0, 0, 0, 0, 2, 9
"c:\Users\andy_\OneDrive\Documentos\Vinculacion\Front-End\Convenios\src\app\Modulos\Admin-Convenios\Analista-Vinculacion\pg-datos-coordinador\pg-datos-coordinador.component.html", "HTML", 0, 0, 0, 0, 0, 82, 0, 0, 0, 0, 1, 30, 113
"c:\Users\andy_\OneDrive\Documentos\Vinculacion\Front-End\Convenios\src\app\Modulos\Admin-Convenios\Analista-Vinculacion\pg-datos-coordinador\pg-datos-coordinador.component.spec.ts", "TypeScript", 0, 0, 0, 17, 0, 0, 0, 0, 0, 0, 0, 5, 22
"c:\Users\andy_\OneDrive\Documentos\Vinculacion\Front-End\Convenios\src\app\Modulos\Admin-Convenios\Analista-Vinculacion\pg-datos-coordinador\pg-datos-coordinador.component.ts", "TypeScript", 0, 0, 0, 249, 0, 0, 0, 0, 0, 0, 6, 72, 327
"c:\Users\andy_\OneDrive\Documentos\Vinculacion\Front-End\Convenios\src\app\Modulos\Admin-Convenios\Analista-Vinculacion\pg-dependencia\pg-dependencia.component.css", "CSS", 0, 0, 0, 0, 0, 0, 120, 0, 0, 0, 2, 31, 153
"c:\Users\andy_\OneDrive\Documentos\Vinculacion\Front-End\Convenios\src\app\Modulos\Admin-Convenios\Analista-Vinculacion\pg-dependencia\pg-dependencia.component.html", "HTML", 0, 0, 0, 0, 0, 64, 0, 0, 0, 0, 1, 27, 92
"c:\Users\andy_\OneDrive\Documentos\Vinculacion\Front-End\Convenios\src\app\Modulos\Admin-Convenios\Analista-Vinculacion\pg-dependencia\pg-dependencia.component.spec.ts", "TypeScript", 0, 0, 0, 17, 0, 0, 0, 0, 0, 0, 0, 5, 22
"c:\Users\andy_\OneDrive\Documentos\Vinculacion\Front-End\Convenios\src\app\Modulos\Admin-Convenios\Analista-Vinculacion\pg-dependencia\pg-dependencia.component.ts", "TypeScript", 0, 0, 0, 110, 0, 0, 0, 0, 0, 0, 1, 47, 158
"c:\Users\andy_\OneDrive\Documentos\Vinculacion\Front-End\Convenios\src\app\Modulos\Admin-Convenios\Analista-Vinculacion\pg-institucion\pg-institucion.component.css", "CSS", 0, 0, 0, 0, 0, 0, 120, 0, 0, 0, 2, 31, 153
"c:\Users\andy_\OneDrive\Documentos\Vinculacion\Front-End\Convenios\src\app\Modulos\Admin-Convenios\Analista-Vinculacion\pg-institucion\pg-institucion.component.html", "HTML", 0, 0, 0, 0, 0, 57, 0, 0, 0, 0, 1, 23, 81
"c:\Users\andy_\OneDrive\Documentos\Vinculacion\Front-End\Convenios\src\app\Modulos\Admin-Convenios\Analista-Vinculacion\pg-institucion\pg-institucion.component.spec.ts", "TypeScript", 0, 0, 0, 17, 0, 0, 0, 0, 0, 0, 0, 5, 22
"c:\Users\andy_\OneDrive\Documentos\Vinculacion\Front-End\Convenios\src\app\Modulos\Admin-Convenios\Analista-Vinculacion\pg-institucion\pg-institucion.component.ts", "TypeScript", 0, 0, 0, 100, 0, 0, 0, 0, 0, 0, 0, 22, 122
"c:\Users\andy_\OneDrive\Documentos\Vinculacion\Front-End\Convenios\src\app\Modulos\Admin-Convenios\Clases\cActividad\i-actividad.spec.ts", "TypeScript", 0, 0, 0, 6, 0, 0, 0, 0, 0, 0, 0, 2, 8
"c:\Users\andy_\OneDrive\Documentos\Vinculacion\Front-End\Convenios\src\app\Modulos\Admin-Convenios\Clases\cActividad\i-actividad.ts", "TypeScript", 0, 0, 0, 17, 0, 0, 0, 0, 0, 0, 2, 3, 22
"c:\Users\andy_\OneDrive\Documentos\Vinculacion\Front-End\Convenios\src\app\Modulos\Admin-Convenios\Clases\cActividad\s-actividad.service.spec.ts", "TypeScript", 0, 0, 0, 12, 0, 0, 0, 0, 0, 0, 0, 5, 17
"c:\Users\andy_\OneDrive\Documentos\Vinculacion\Front-End\Convenios\src\app\Modulos\Admin-Convenios\Clases\cActividad\s-actividad.service.ts", "TypeScript", 0, 0, 0, 33, 0, 0, 0, 0, 0, 0, 2, 13, 48
"c:\Users\andy_\OneDrive\Documentos\Vinculacion\Front-End\Convenios\src\app\Modulos\Admin-Convenios\Clases\cConvenio\i-convenio.spec.ts", "TypeScript", 0, 0, 0, 6, 0, 0, 0, 0, 0, 0, 0, 2, 8
"c:\Users\andy_\OneDrive\Documentos\Vinculacion\Front-End\Convenios\src\app\Modulos\Admin-Convenios\Clases\cConvenio\i-convenio.ts", "TypeScript", 0, 0, 0, 131, 0, 0, 0, 0, 0, 0, 24, 10, 165
"c:\Users\andy_\OneDrive\Documentos\Vinculacion\Front-End\Convenios\src\app\Modulos\Admin-Convenios\Clases\cConvenio\s-convenio.service.spec.ts", "TypeScript", 0, 0, 0, 12, 0, 0, 0, 0, 0, 0, 0, 5, 17
"c:\Users\andy_\OneDrive\Documentos\Vinculacion\Front-End\Convenios\src\app\Modulos\Admin-Convenios\Clases\cConvenio\s-convenio.service.ts", "TypeScript", 0, 0, 0, 43, 0, 0, 0, 0, 0, 0, 6, 21, 70
"c:\Users\andy_\OneDrive\Documentos\Vinculacion\Front-End\Convenios\src\app\Modulos\Admin-Convenios\Clases\cCoordinador\i-coordinador.ts", "TypeScript", 0, 0, 0, 23, 0, 0, 0, 0, 0, 0, 0, 3, 26
"c:\Users\andy_\OneDrive\Documentos\Vinculacion\Front-End\Convenios\src\app\Modulos\Admin-Convenios\Clases\cCoordinador\s-coordinador.service.spec.ts", "TypeScript", 0, 0, 0, 12, 0, 0, 0, 0, 0, 0, 0, 5, 17
"c:\Users\andy_\OneDrive\Documentos\Vinculacion\Front-End\Convenios\src\app\Modulos\Admin-Convenios\Clases\cCoordinador\s-coordinador.service.ts", "TypeScript", 0, 0, 0, 26, 0, 0, 0, 0, 0, 0, 4, 10, 40
"c:\Users\andy_\OneDrive\Documentos\Vinculacion\Front-End\Convenios\src\app\Modulos\Admin-Convenios\Clases\cDependencia\cDependencia.spec.ts", "TypeScript", 0, 0, 0, 6, 0, 0, 0, 0, 0, 0, 0, 2, 8
"c:\Users\andy_\OneDrive\Documentos\Vinculacion\Front-End\Convenios\src\app\Modulos\Admin-Convenios\Clases\cDependencia\cDependencia.ts", "TypeScript", 0, 0, 0, 13, 0, 0, 0, 0, 0, 0, 0, 7, 20
"c:\Users\andy_\OneDrive\Documentos\Vinculacion\Front-End\Convenios\src\app\Modulos\Admin-Convenios\Clases\cDependencia\sDependencia.service.spec.ts", "TypeScript", 0, 0, 0, 12, 0, 0, 0, 0, 0, 0, 0, 5, 17
"c:\Users\andy_\OneDrive\Documentos\Vinculacion\Front-End\Convenios\src\app\Modulos\Admin-Convenios\Clases\cDependencia\sDependencia.service.ts", "TypeScript", 0, 0, 0, 27, 0, 0, 0, 0, 0, 0, 4, 12, 43
"c:\Users\andy_\OneDrive\Documentos\Vinculacion\Front-End\Convenios\src\app\Modulos\Admin-Convenios\Clases\cEvaluacion\c-evaluacion.spec.ts", "TypeScript", 0, 0, 0, 6, 0, 0, 0, 0, 0, 0, 0, 2, 8
"c:\Users\andy_\OneDrive\Documentos\Vinculacion\Front-End\Convenios\src\app\Modulos\Admin-Convenios\Clases\cEvaluacion\c-evaluacion.ts", "TypeScript", 0, 0, 0, 4, 0, 0, 0, 0, 0, 0, 0, 2, 6
"c:\Users\andy_\OneDrive\Documentos\Vinculacion\Front-End\Convenios\src\app\Modulos\Admin-Convenios\Clases\cEvaluacion\s-evaluacion.service.spec.ts", "TypeScript", 0, 0, 0, 12, 0, 0, 0, 0, 0, 0, 0, 5, 17
"c:\Users\andy_\OneDrive\Documentos\Vinculacion\Front-End\Convenios\src\app\Modulos\Admin-Convenios\Clases\cEvaluacion\s-evaluacion.service.ts", "TypeScript", 0, 0, 0, 18, 0, 0, 0, 0, 0, 0, 1, 5, 24
"c:\Users\andy_\OneDrive\Documentos\Vinculacion\Front-End\Convenios\src\app\Modulos\Admin-Convenios\Clases\cInforme\i-informe.spec.ts", "TypeScript", 0, 0, 0, 6, 0, 0, 0, 0, 0, 0, 0, 2, 8
"c:\Users\andy_\OneDrive\Documentos\Vinculacion\Front-End\Convenios\src\app\Modulos\Admin-Convenios\Clases\cInforme\i-informe.ts", "TypeScript", 0, 0, 0, 44, 0, 0, 0, 0, 0, 0, 19, 6, 69
"c:\Users\andy_\OneDrive\Documentos\Vinculacion\Front-End\Convenios\src\app\Modulos\Admin-Convenios\Clases\cInforme\s-informe.service.spec.ts", "TypeScript", 0, 0, 0, 12, 0, 0, 0, 0, 0, 0, 0, 5, 17
"c:\Users\andy_\OneDrive\Documentos\Vinculacion\Front-End\Convenios\src\app\Modulos\Admin-Convenios\Clases\cInforme\s-informe.service.ts", "TypeScript", 0, 0, 0, 40, 0, 0, 0, 0, 0, 0, 0, 13, 53
"c:\Users\andy_\OneDrive\Documentos\Vinculacion\Front-End\Convenios\src\app\Modulos\Admin-Convenios\Clases\cInstitucion\i-institucion.ts", "TypeScript", 0, 0, 0, 7, 0, 0, 0, 0, 0, 0, 0, 2, 9
"c:\Users\andy_\OneDrive\Documentos\Vinculacion\Front-End\Convenios\src\app\Modulos\Admin-Convenios\Clases\cInstitucion\s-institucion.service.spec.ts", "TypeScript", 0, 0, 0, 12, 0, 0, 0, 0, 0, 0, 0, 5, 17
"c:\Users\andy_\OneDrive\Documentos\Vinculacion\Front-End\Convenios\src\app\Modulos\Admin-Convenios\Clases\cInstitucion\s-institucion.service.ts", "TypeScript", 0, 0, 0, 23, 0, 0, 0, 0, 0, 0, 3, 7, 33
"c:\Users\andy_\OneDrive\Documentos\Vinculacion\Front-End\Convenios\src\app\Modulos\Admin-Convenios\Clases\cMiembro\i-miembro.spec.ts", "TypeScript", 0, 0, 0, 6, 0, 0, 0, 0, 0, 0, 0, 2, 8
"c:\Users\andy_\OneDrive\Documentos\Vinculacion\Front-End\Convenios\src\app\Modulos\Admin-Convenios\Clases\cMiembro\i-miembro.ts", "TypeScript", 0, 0, 0, 13, 0, 0, 0, 0, 0, 0, 0, 2, 15
"c:\Users\andy_\OneDrive\Documentos\Vinculacion\Front-End\Convenios\src\app\Modulos\Admin-Convenios\Clases\cMiembro\s-miembro.service.spec.ts", "TypeScript", 0, 0, 0, 12, 0, 0, 0, 0, 0, 0, 0, 5, 17
"c:\Users\andy_\OneDrive\Documentos\Vinculacion\Front-End\Convenios\src\app\Modulos\Admin-Convenios\Clases\cMiembro\s-miembro.service.ts", "TypeScript", 0, 0, 0, 33, 0, 0, 0, 0, 0, 0, 0, 16, 49
"c:\Users\andy_\OneDrive\Documentos\Vinculacion\Front-End\Convenios\src\app\Modulos\Admin-Convenios\Clases\cPlanificacion\i-planificacion.spec.ts", "TypeScript", 0, 0, 0, 6, 0, 0, 0, 0, 0, 0, 0, 2, 8
"c:\Users\andy_\OneDrive\Documentos\Vinculacion\Front-End\Convenios\src\app\Modulos\Admin-Convenios\Clases\cPlanificacion\i-planificacion.ts", "TypeScript", 0, 0, 0, 5, 0, 0, 0, 0, 0, 0, 0, 1, 6
"c:\Users\andy_\OneDrive\Documentos\Vinculacion\Front-End\Convenios\src\app\Modulos\Admin-Convenios\Clases\cPlanificacion\s-planificacion.service.spec.ts", "TypeScript", 0, 0, 0, 12, 0, 0, 0, 0, 0, 0, 0, 5, 17
"c:\Users\andy_\OneDrive\Documentos\Vinculacion\Front-End\Convenios\src\app\Modulos\Admin-Convenios\Clases\cPlanificacion\s-planificacion.service.ts", "TypeScript", 0, 0, 0, 16, 0, 0, 0, 0, 0, 0, 0, 5, 21
"c:\Users\andy_\OneDrive\Documentos\Vinculacion\Front-End\Convenios\src\app\Modulos\Admin-Convenios\Clases\cSeguridad\iseguridad.spec.ts", "TypeScript", 0, 0, 0, 6, 0, 0, 0, 0, 0, 0, 0, 2, 8
"c:\Users\andy_\OneDrive\Documentos\Vinculacion\Front-End\Convenios\src\app\Modulos\Admin-Convenios\Clases\cSeguridad\iseguridad.ts", "TypeScript", 0, 0, 0, 16, 0, 0, 0, 0, 0, 0, 0, 3, 19
"c:\Users\andy_\OneDrive\Documentos\Vinculacion\Front-End\Convenios\src\app\Modulos\Admin-Convenios\Clases\cSeguridad\s-seguridad.service.spec.ts", "TypeScript", 0, 0, 0, 12, 0, 0, 0, 0, 0, 0, 0, 5, 17
"c:\Users\andy_\OneDrive\Documentos\Vinculacion\Front-End\Convenios\src\app\Modulos\Admin-Convenios\Clases\cSeguridad\s-seguridad.service.ts", "TypeScript", 0, 0, 0, 21, 0, 0, 0, 0, 0, 0, 0, 5, 26
"c:\Users\andy_\OneDrive\Documentos\Vinculacion\Front-End\Convenios\src\app\Modulos\Admin-Convenios\Clases\cedula.spec.ts", "TypeScript", 0, 0, 0, 6, 0, 0, 0, 0, 0, 0, 0, 2, 8
"c:\Users\andy_\OneDrive\Documentos\Vinculacion\Front-End\Convenios\src\app\Modulos\Admin-Convenios\Clases\cedula.ts", "TypeScript", 0, 0, 0, 22, 0, 0, 0, 0, 0, 0, 0, 6, 28
"c:\Users\andy_\OneDrive\Documentos\Vinculacion\Front-End\Convenios\src\app\Modulos\Admin-Convenios\Coordinador\pg-admin-convenios-coord\pg-admin-convenios-coord.component.css", "CSS", 0, 0, 0, 0, 0, 0, 4, 0, 0, 0, 0, 1, 5
"c:\Users\andy_\OneDrive\Documentos\Vinculacion\Front-End\Convenios\src\app\Modulos\Admin-Convenios\Coordinador\pg-admin-convenios-coord\pg-admin-convenios-coord.component.html", "HTML", 0, 0, 0, 0, 0, 40, 0, 0, 0, 0, 0, 18, 58
"c:\Users\andy_\OneDrive\Documentos\Vinculacion\Front-End\Convenios\src\app\Modulos\Admin-Convenios\Coordinador\pg-admin-convenios-coord\pg-admin-convenios-coord.component.spec.ts", "TypeScript", 0, 0, 0, 17, 0, 0, 0, 0, 0, 0, 0, 5, 22
"c:\Users\andy_\OneDrive\Documentos\Vinculacion\Front-End\Convenios\src\app\Modulos\Admin-Convenios\Coordinador\pg-admin-convenios-coord\pg-admin-convenios-coord.component.ts", "TypeScript", 0, 0, 0, 55, 0, 0, 0, 0, 0, 0, 0, 19, 74
"c:\Users\andy_\OneDrive\Documentos\Vinculacion\Front-End\Convenios\src\app\Modulos\Admin-Convenios\Coordinador\pg-informes-convenio\pg-informes-convenio.component.css", "CSS", 0, 0, 0, 0, 0, 0, 151, 0, 0, 0, 2, 41, 194
"c:\Users\andy_\OneDrive\Documentos\Vinculacion\Front-End\Convenios\src\app\Modulos\Admin-Convenios\Coordinador\pg-informes-convenio\pg-informes-convenio.component.html", "HTML", 0, 0, 0, 0, 0, 23, 0, 0, 0, 0, 0, 13, 36
"c:\Users\andy_\OneDrive\Documentos\Vinculacion\Front-End\Convenios\src\app\Modulos\Admin-Convenios\Coordinador\pg-informes-convenio\pg-informes-convenio.component.spec.ts", "TypeScript", 0, 0, 0, 17, 0, 0, 0, 0, 0, 0, 0, 5, 22
"c:\Users\andy_\OneDrive\Documentos\Vinculacion\Front-End\Convenios\src\app\Modulos\Admin-Convenios\Coordinador\pg-informes-convenio\pg-informes-convenio.component.ts", "TypeScript", 0, 0, 0, 59, 0, 0, 0, 0, 0, 0, 0, 10, 69
"c:\Users\andy_\OneDrive\Documentos\Vinculacion\Front-End\Convenios\src\app\Modulos\Admin-Convenios\Coordinador\pg-informes\pg-informes.component.css", "CSS", 0, 0, 0, 0, 0, 0, 147, 0, 0, 0, 2, 40, 189
"c:\Users\andy_\OneDrive\Documentos\Vinculacion\Front-End\Convenios\src\app\Modulos\Admin-Convenios\Coordinador\pg-informes\pg-informes.component.html", "HTML", 0, 0, 0, 0, 0, 263, 0, 0, 0, 0, 1, 76, 340
"c:\Users\andy_\OneDrive\Documentos\Vinculacion\Front-End\Convenios\src\app\Modulos\Admin-Convenios\Coordinador\pg-informes\pg-informes.component.spec.ts", "TypeScript", 0, 0, 0, 17, 0, 0, 0, 0, 0, 0, 0, 5, 22
"c:\Users\andy_\OneDrive\Documentos\Vinculacion\Front-End\Convenios\src\app\Modulos\Admin-Convenios\Coordinador\pg-informes\pg-informes.component.ts", "TypeScript", 0, 0, 0, 125, 0, 0, 0, 0, 0, 0, 1, 33, 159
"c:\Users\andy_\OneDrive\Documentos\Vinculacion\Front-End\Convenios\src\app\Modulos\Admin-Convenios\Coordinador\pg-lista-convenios-coord\pg-lista-convenios-coord.component.css", "CSS", 0, 0, 0, 0, 0, 0, 143, 0, 0, 0, 2, 38, 183
"c:\Users\andy_\OneDrive\Documentos\Vinculacion\Front-End\Convenios\src\app\Modulos\Admin-Convenios\Coordinador\pg-lista-convenios-coord\pg-lista-convenios-coord.component.html", "HTML", 0, 0, 0, 0, 0, 277, 0, 0, 0, 0, 2, 101, 380
"c:\Users\andy_\OneDrive\Documentos\Vinculacion\Front-End\Convenios\src\app\Modulos\Admin-Convenios\Coordinador\pg-lista-convenios-coord\pg-lista-convenios-coord.component.spec.ts", "TypeScript", 0, 0, 0, 17, 0, 0, 0, 0, 0, 0, 0, 5, 22
"c:\Users\andy_\OneDrive\Documentos\Vinculacion\Front-End\Convenios\src\app\Modulos\Admin-Convenios\Coordinador\pg-lista-convenios-coord\pg-lista-convenios-coord.component.ts", "TypeScript", 0, 0, 0, 150, 0, 0, 0, 0, 0, 0, 4, 36, 190
"c:\Users\andy_\OneDrive\Documentos\Vinculacion\Front-End\Convenios\src\app\Modulos\Admin-Convenios\Coordinador\pg-lista-informes-convenio\pg-lista-informes-convenio.component.css", "CSS", 0, 0, 0, 0, 0, 0, 281, 0, 0, 0, 6, 78, 365
"c:\Users\andy_\OneDrive\Documentos\Vinculacion\Front-End\Convenios\src\app\Modulos\Admin-Convenios\Coordinador\pg-lista-informes-convenio\pg-lista-informes-convenio.component.html", "HTML", 0, 0, 0, 0, 0, 381, 0, 0, 0, 0, 1, 138, 520
"c:\Users\andy_\OneDrive\Documentos\Vinculacion\Front-End\Convenios\src\app\Modulos\Admin-Convenios\Coordinador\pg-lista-informes-convenio\pg-lista-informes-convenio.component.spec.ts", "TypeScript", 0, 0, 0, 17, 0, 0, 0, 0, 0, 0, 0, 5, 22
"c:\Users\andy_\OneDrive\Documentos\Vinculacion\Front-End\Convenios\src\app\Modulos\Admin-Convenios\Coordinador\pg-lista-informes-convenio\pg-lista-informes-convenio.component.ts", "TypeScript", 0, 0, 0, 544, 0, 0, 0, 0, 0, 0, 11, 144, 699
"c:\Users\andy_\OneDrive\Documentos\Vinculacion\Front-End\Convenios\src\app\Modulos\Admin-Convenios\Invitado\pg-convenios-invitado\pg-convenios-invitado.component.css", "CSS", 0, 0, 0, 0, 0, 0, 143, 0, 0, 0, 2, 38, 183
"c:\Users\andy_\OneDrive\Documentos\Vinculacion\Front-End\Convenios\src\app\Modulos\Admin-Convenios\Invitado\pg-convenios-invitado\pg-convenios-invitado.component.html", "HTML", 0, 0, 0, 0, 0, 227, 0, 0, 0, 0, 1, 103, 331
"c:\Users\andy_\OneDrive\Documentos\Vinculacion\Front-End\Convenios\src\app\Modulos\Admin-Convenios\Invitado\pg-convenios-invitado\pg-convenios-invitado.component.spec.ts", "TypeScript", 0, 0, 0, 17, 0, 0, 0, 0, 0, 0, 0, 5, 22
"c:\Users\andy_\OneDrive\Documentos\Vinculacion\Front-End\Convenios\src\app\Modulos\Admin-Convenios\Invitado\pg-convenios-invitado\pg-convenios-invitado.component.ts", "TypeScript", 0, 0, 0, 71, 0, 0, 0, 0, 0, 0, 0, 16, 87
"c:\Users\andy_\OneDrive\Documentos\Vinculacion\Front-End\Convenios\src\app\Modulos\Admin-Convenios\Invitado\pg-invitado\pg-invitado.component.css", "CSS", 0, 0, 0, 0, 0, 0, 0, 0, 0, 0, 0, 1, 1
"c:\Users\andy_\OneDrive\Documentos\Vinculacion\Front-End\Convenios\src\app\Modulos\Admin-Convenios\Invitado\pg-invitado\pg-invitado.component.html", "HTML", 0, 0, 0, 0, 0, 14, 0, 0, 0, 0, 0, 11, 25
"c:\Users\andy_\OneDrive\Documentos\Vinculacion\Front-End\Convenios\src\app\Modulos\Admin-Convenios\Invitado\pg-invitado\pg-invitado.component.spec.ts", "TypeScript", 0, 0, 0, 17, 0, 0, 0, 0, 0, 0, 0, 5, 22
"c:\Users\andy_\OneDrive\Documentos\Vinculacion\Front-End\Convenios\src\app\Modulos\Admin-Convenios\Invitado\pg-invitado\pg-invitado.component.ts", "TypeScript", 0, 0, 0, 25, 0, 0, 0, 0, 0, 0, 0, 11, 36
"c:\Users\andy_\OneDrive\Documentos\Vinculacion\Front-End\Convenios\src\app\Modulos\Mod-Seguridad\app-seguridad\app-seguridad.component.css", "CSS", 0, 0, 0, 0, 0, 0, 0, 0, 0, 0, 0, 1, 1
"c:\Users\andy_\OneDrive\Documentos\Vinculacion\Front-End\Convenios\src\app\Modulos\Mod-Seguridad\app-seguridad\app-seguridad.component.html", "HTML", 0, 0, 0, 0, 0, 20, 0, 0, 0, 0, 0, 13, 33
"c:\Users\andy_\OneDrive\Documentos\Vinculacion\Front-End\Convenios\src\app\Modulos\Mod-Seguridad\app-seguridad\app-seguridad.component.spec.ts", "TypeScript", 0, 0, 0, 17, 0, 0, 0, 0, 0, 0, 0, 5, 22
"c:\Users\andy_\OneDrive\Documentos\Vinculacion\Front-End\Convenios\src\app\Modulos\Mod-Seguridad\app-seguridad\app-seguridad.component.ts", "TypeScript", 0, 0, 0, 29, 0, 0, 0, 0, 0, 0, 0, 8, 37
"c:\Users\andy_\OneDrive\Documentos\Vinculacion\Front-End\Convenios\src\app\Modulos\Mod-Seguridad\clases\cAccion\i-accion.spec.ts", "TypeScript", 0, 0, 0, 6, 0, 0, 0, 0, 0, 0, 0, 2, 8
"c:\Users\andy_\OneDrive\Documentos\Vinculacion\Front-End\Convenios\src\app\Modulos\Mod-Seguridad\clases\cAccion\i-accion.ts", "TypeScript", 0, 0, 0, 15, 0, 0, 0, 0, 0, 0, 0, 3, 18
"c:\Users\andy_\OneDrive\Documentos\Vinculacion\Front-End\Convenios\src\app\Modulos\Mod-Seguridad\clases\cAccion\s-accion.service.spec.ts", "TypeScript", 0, 0, 0, 12, 0, 0, 0, 0, 0, 0, 0, 5, 17
"c:\Users\andy_\OneDrive\Documentos\Vinculacion\Front-End\Convenios\src\app\Modulos\Mod-Seguridad\clases\cAccion\s-accion.service.ts", "TypeScript", 0, 0, 0, 26, 0, 0, 0, 0, 0, 0, 2, 10, 38
"c:\Users\andy_\OneDrive\Documentos\Vinculacion\Front-End\Convenios\src\app\Modulos\Mod-Seguridad\clases\cCentral\i-central.spec.ts", "TypeScript", 0, 0, 0, 6, 0, 0, 0, 0, 0, 0, 0, 2, 8
"c:\Users\andy_\OneDrive\Documentos\Vinculacion\Front-End\Convenios\src\app\Modulos\Mod-Seguridad\clases\cCentral\i-central.ts", "TypeScript", 0, 0, 0, 8, 0, 0, 0, 0, 0, 0, 0, 1, 9
"c:\Users\andy_\OneDrive\Documentos\Vinculacion\Front-End\Convenios\src\app\Modulos\Mod-Seguridad\clases\cCentral\s-central.service.spec.ts", "TypeScript", 0, 0, 0, 12, 0, 0, 0, 0, 0, 0, 0, 5, 17
"c:\Users\andy_\OneDrive\Documentos\Vinculacion\Front-End\Convenios\src\app\Modulos\Mod-Seguridad\clases\cCentral\s-central.service.ts", "TypeScript", 0, 0, 0, 16, 0, 0, 0, 0, 0, 0, 0, 5, 21
"c:\Users\andy_\OneDrive\Documentos\Vinculacion\Front-End\Convenios\src\app\Modulos\Mod-Seguridad\clases\cGrupo\i-grupo.spec.ts", "TypeScript", 0, 0, 0, 6, 0, 0, 0, 0, 0, 0, 0, 2, 8
"c:\Users\andy_\OneDrive\Documentos\Vinculacion\Front-End\Convenios\src\app\Modulos\Mod-Seguridad\clases\cGrupo\i-grupo.ts", "TypeScript", 0, 0, 0, 15, 0, 0, 0, 0, 0, 0, 0, 3, 18
"c:\Users\andy_\OneDrive\Documentos\Vinculacion\Front-End\Convenios\src\app\Modulos\Mod-Seguridad\clases\cGrupo\s-grupo.service.spec.ts", "TypeScript", 0, 0, 0, 12, 0, 0, 0, 0, 0, 0, 0, 5, 17
"c:\Users\andy_\OneDrive\Documentos\Vinculacion\Front-End\Convenios\src\app\Modulos\Mod-Seguridad\clases\cGrupo\s-grupo.service.ts", "TypeScript", 0, 0, 0, 22, 0, 0, 0, 0, 0, 0, 0, 7, 29
"c:\Users\andy_\OneDrive\Documentos\Vinculacion\Front-End\Convenios\src\app\Modulos\Mod-Seguridad\clases\cPerfil\i-perfil.spec.ts", "TypeScript", 0, 0, 0, 6, 0, 0, 0, 0, 0, 0, 0, 2, 8
"c:\Users\andy_\OneDrive\Documentos\Vinculacion\Front-End\Convenios\src\app\Modulos\Mod-Seguridad\clases\cPerfil\i-perfil.ts", "TypeScript", 0, 0, 0, 29, 0, 0, 0, 0, 0, 0, 0, 3, 32
"c:\Users\andy_\OneDrive\Documentos\Vinculacion\Front-End\Convenios\src\app\Modulos\Mod-Seguridad\clases\cPerfil\s-perfil.service.spec.ts", "TypeScript", 0, 0, 0, 12, 0, 0, 0, 0, 0, 0, 0, 5, 17
"c:\Users\andy_\OneDrive\Documentos\Vinculacion\Front-End\Convenios\src\app\Modulos\Mod-Seguridad\clases\cPerfil\s-perfil.service.ts", "TypeScript", 0, 0, 0, 23, 0, 0, 0, 0, 0, 0, 0, 8, 31
"c:\Users\andy_\OneDrive\Documentos\Vinculacion\Front-End\Convenios\src\app\Modulos\Mod-Seguridad\clases\cRol\i-rol.spec.ts", "TypeScript", 0, 0, 0, 6, 0, 0, 0, 0, 0, 0, 0, 2, 8
"c:\Users\andy_\OneDrive\Documentos\Vinculacion\Front-End\Convenios\src\app\Modulos\Mod-Seguridad\clases\cRol\i-rol.ts", "TypeScript", 0, 0, 0, 15, 0, 0, 0, 0, 0, 0, 0, 5, 20
"c:\Users\andy_\OneDrive\Documentos\Vinculacion\Front-End\Convenios\src\app\Modulos\Mod-Seguridad\clases\cRol\s-rol.service.spec.ts", "TypeScript", 0, 0, 0, 12, 0, 0, 0, 0, 0, 0, 0, 5, 17
"c:\Users\andy_\OneDrive\Documentos\Vinculacion\Front-End\Convenios\src\app\Modulos\Mod-Seguridad\clases\cRol\s-rol.service.ts", "TypeScript", 0, 0, 0, 22, 0, 0, 0, 0, 0, 0, 3, 11, 36
"c:\Users\andy_\OneDrive\Documentos\Vinculacion\Front-End\Convenios\src\app\Modulos\Mod-Seguridad\ng-usuario\ng-usuario.component.css", "CSS", 0, 0, 0, 0, 0, 0, 0, 0, 0, 0, 0, 1, 1
"c:\Users\andy_\OneDrive\Documentos\Vinculacion\Front-End\Convenios\src\app\Modulos\Mod-Seguridad\ng-usuario\ng-usuario.component.html", "HTML", 0, 0, 0, 0, 0, 249, 0, 0, 0, 0, 0, 57, 306
"c:\Users\andy_\OneDrive\Documentos\Vinculacion\Front-End\Convenios\src\app\Modulos\Mod-Seguridad\ng-usuario\ng-usuario.component.spec.ts", "TypeScript", 0, 0, 0, 17, 0, 0, 0, 0, 0, 0, 0, 5, 22
"c:\Users\andy_\OneDrive\Documentos\Vinculacion\Front-End\Convenios\src\app\Modulos\Mod-Seguridad\ng-usuario\ng-usuario.component.ts", "TypeScript", 0, 0, 0, 75, 0, 0, 0, 0, 0, 0, 5, 21, 101
"c:\Users\andy_\OneDrive\Documentos\Vinculacion\Front-End\Convenios\src\app\Modulos\Mod-Seguridad\pg-accion\pg-accion.component.css", "CSS", 0, 0, 0, 0, 0, 0, 4, 0, 0, 0, 0, 2, 6
"c:\Users\andy_\OneDrive\Documentos\Vinculacion\Front-End\Convenios\src\app\Modulos\Mod-Seguridad\pg-accion\pg-accion.component.html", "HTML", 0, 0, 0, 0, 0, 90, 0, 0, 0, 0, 1, 42, 133
"c:\Users\andy_\OneDrive\Documentos\Vinculacion\Front-End\Convenios\src\app\Modulos\Mod-Seguridad\pg-accion\pg-accion.component.spec.ts", "TypeScript", 0, 0, 0, 17, 0, 0, 0, 0, 0, 0, 0, 5, 22
"c:\Users\andy_\OneDrive\Documentos\Vinculacion\Front-End\Convenios\src\app\Modulos\Mod-Seguridad\pg-accion\pg-accion.component.ts", "TypeScript", 0, 0, 0, 134, 0, 0, 0, 0, 0, 0, 0, 29, 163
"c:\Users\andy_\OneDrive\Documentos\Vinculacion\Front-End\Convenios\src\app\Modulos\Mod-Seguridad\pg-funcion\pg-funcion.component.css", "CSS", 0, 0, 0, 0, 0, 0, 0, 0, 0, 0, 0, 1, 1
"c:\Users\andy_\OneDrive\Documentos\Vinculacion\Front-End\Convenios\src\app\Modulos\Mod-Seguridad\pg-funcion\pg-funcion.component.html", "HTML", 0, 0, 0, 0, 0, 1, 0, 0, 0, 0, 0, 1, 2
"c:\Users\andy_\OneDrive\Documentos\Vinculacion\Front-End\Convenios\src\app\Modulos\Mod-Seguridad\pg-funcion\pg-funcion.component.spec.ts", "TypeScript", 0, 0, 0, 17, 0, 0, 0, 0, 0, 0, 0, 5, 22
"c:\Users\andy_\OneDrive\Documentos\Vinculacion\Front-End\Convenios\src\app\Modulos\Mod-Seguridad\pg-funcion\pg-funcion.component.ts", "TypeScript", 0, 0, 0, 8, 0, 0, 0, 0, 0, 0, 0, 3, 11
"c:\Users\andy_\OneDrive\Documentos\Vinculacion\Front-End\Convenios\src\app\Modulos\Mod-Seguridad\pg-grupo\pg-grupo.component.css", "CSS", 0, 0, 0, 0, 0, 0, 0, 0, 0, 0, 0, 1, 1
"c:\Users\andy_\OneDrive\Documentos\Vinculacion\Front-End\Convenios\src\app\Modulos\Mod-Seguridad\pg-grupo\pg-grupo.component.html", "HTML", 0, 0, 0, 0, 0, 85, 0, 0, 0, 0, 3, 38, 126
"c:\Users\andy_\OneDrive\Documentos\Vinculacion\Front-End\Convenios\src\app\Modulos\Mod-Seguridad\pg-grupo\pg-grupo.component.spec.ts", "TypeScript", 0, 0, 0, 17, 0, 0, 0, 0, 0, 0, 0, 5, 22
"c:\Users\andy_\OneDrive\Documentos\Vinculacion\Front-End\Convenios\src\app\Modulos\Mod-Seguridad\pg-grupo\pg-grupo.component.ts", "TypeScript", 0, 0, 0, 132, 0, 0, 0, 0, 0, 0, 0, 25, 157
"c:\Users\andy_\OneDrive\Documentos\Vinculacion\Front-End\Convenios\src\app\Modulos\Mod-Seguridad\pg-perfil\pg-perfil.component.css", "CSS", 0, 0, 0, 0, 0, 0, 0, 0, 0, 0, 0, 1, 1
"c:\Users\andy_\OneDrive\Documentos\Vinculacion\Front-End\Convenios\src\app\Modulos\Mod-Seguridad\pg-perfil\pg-perfil.component.html", "HTML", 0, 0, 0, 0, 0, 89, 0, 0, 0, 0, 1, 36, 126
"c:\Users\andy_\OneDrive\Documentos\Vinculacion\Front-End\Convenios\src\app\Modulos\Mod-Seguridad\pg-perfil\pg-perfil.component.spec.ts", "TypeScript", 0, 0, 0, 17, 0, 0, 0, 0, 0, 0, 0, 5, 22
"c:\Users\andy_\OneDrive\Documentos\Vinculacion\Front-End\Convenios\src\app\Modulos\Mod-Seguridad\pg-perfil\pg-perfil.component.ts", "TypeScript", 0, 0, 0, 91, 0, 0, 0, 0, 0, 0, 5, 18, 114
"c:\Users\andy_\OneDrive\Documentos\Vinculacion\Front-End\Convenios\src\app\Modulos\Mod-Seguridad\pg-rol\pg-rol.component.css", "CSS", 0, 0, 0, 0, 0, 0, 120, 0, 0, 0, 2, 31, 153
"c:\Users\andy_\OneDrive\Documentos\Vinculacion\Front-End\Convenios\src\app\Modulos\Mod-Seguridad\pg-rol\pg-rol.component.html", "HTML", 0, 0, 0, 0, 0, 95, 0, 0, 0, 0, 0, 15, 110
"c:\Users\andy_\OneDrive\Documentos\Vinculacion\Front-End\Convenios\src\app\Modulos\Mod-Seguridad\pg-rol\pg-rol.component.spec.ts", "TypeScript", 0, 0, 0, 17, 0, 0, 0, 0, 0, 0, 0, 5, 22
"c:\Users\andy_\OneDrive\Documentos\Vinculacion\Front-End\Convenios\src\app\Modulos\Mod-Seguridad\pg-rol\pg-rol.component.ts", "TypeScript", 0, 0, 0, 135, 0, 0, 0, 0, 0, 0, 1, 32, 168
"c:\Users\andy_\OneDrive\Documentos\Vinculacion\Front-End\Convenios\src\app\Modulos\Seguimiento-Convenios\Analista-Vinculacion\pg-graficas\pg-graficas.component.css", "CSS", 0, 0, 0, 0, 0, 0, 0, 0, 0, 0, 0, 1, 1
"c:\Users\andy_\OneDrive\Documentos\Vinculacion\Front-End\Convenios\src\app\Modulos\Seguimiento-Convenios\Analista-Vinculacion\pg-graficas\pg-graficas.component.html", "HTML", 0, 0, 0, 0, 0, 6, 0, 0, 0, 0, 0, 7, 13
"c:\Users\andy_\OneDrive\Documentos\Vinculacion\Front-End\Convenios\src\app\Modulos\Seguimiento-Convenios\Analista-Vinculacion\pg-graficas\pg-graficas.component.spec.ts", "TypeScript", 0, 0, 0, 17, 0, 0, 0, 0, 0, 0, 0, 5, 22
"c:\Users\andy_\OneDrive\Documentos\Vinculacion\Front-End\Convenios\src\app\Modulos\Seguimiento-Convenios\Analista-Vinculacion\pg-graficas\pg-graficas.component.ts", "TypeScript", 0, 0, 0, 42, 0, 0, 0, 0, 0, 0, 0, 8, 50
"c:\Users\andy_\OneDrive\Documentos\Vinculacion\Front-End\Convenios\src\app\Modulos\Seguimiento-Convenios\Analista-Vinculacion\pg-informes-entregados-mes\pg-informes-entregados-mes.component.css", "CSS", 0, 0, 0, 0, 0, 0, 143, 0, 0, 0, 2, 38, 183
"c:\Users\andy_\OneDrive\Documentos\Vinculacion\Front-End\Convenios\src\app\Modulos\Seguimiento-Convenios\Analista-Vinculacion\pg-informes-entregados-mes\pg-informes-entregados-mes.component.html", "HTML", 0, 0, 0, 0, 0, 280, 0, 0, 0, 0, 1, 88, 369
"c:\Users\andy_\OneDrive\Documentos\Vinculacion\Front-End\Convenios\src\app\Modulos\Seguimiento-Convenios\Analista-Vinculacion\pg-informes-entregados-mes\pg-informes-entregados-mes.component.spec.ts", "TypeScript", 0, 0, 0, 17, 0, 0, 0, 0, 0, 0, 0, 5, 22
"c:\Users\andy_\OneDrive\Documentos\Vinculacion\Front-End\Convenios\src\app\Modulos\Seguimiento-Convenios\Analista-Vinculacion\pg-informes-entregados-mes\pg-informes-entregados-mes.component.ts", "TypeScript", 0, 0, 0, 157, 0, 0, 0, 0, 0, 0, 1, 28, 186
"c:\Users\andy_\OneDrive\Documentos\Vinculacion\Front-End\Convenios\src\app\Modulos\Seguimiento-Convenios\Analista-Vinculacion\pg-informes-pendientes\pg-informes-pendientes.component.css", "CSS", 0, 0, 0, 0, 0, 0, 143, 0, 0, 0, 2, 38, 183
"c:\Users\andy_\OneDrive\Documentos\Vinculacion\Front-End\Convenios\src\app\Modulos\Seguimiento-Convenios\Analista-Vinculacion\pg-informes-pendientes\pg-informes-pendientes.component.html", "HTML", 0, 0, 0, 0, 0, 280, 0, 0, 0, 0, 1, 88, 369
"c:\Users\andy_\OneDrive\Documentos\Vinculacion\Front-End\Convenios\src\app\Modulos\Seguimiento-Convenios\Analista-Vinculacion\pg-informes-pendientes\pg-informes-pendientes.component.spec.ts", "TypeScript", 0, 0, 0, 17, 0, 0, 0, 0, 0, 0, 0, 5, 22
"c:\Users\andy_\OneDrive\Documentos\Vinculacion\Front-End\Convenios\src\app\Modulos\Seguimiento-Convenios\Analista-Vinculacion\pg-informes-pendientes\pg-informes-pendientes.component.ts", "TypeScript", 0, 0, 0, 157, 0, 0, 0, 0, 0, 0, 1, 29, 187
"c:\Users\andy_\OneDrive\Documentos\Vinculacion\Front-End\Convenios\src\app\Modulos\Seguimiento-Convenios\Analista-Vinculacion\pg-informes-validados\pg-informes-validados.component.css", "CSS", 0, 0, 0, 0, 0, 0, 143, 0, 0, 0, 2, 38, 183
"c:\Users\andy_\OneDrive\Documentos\Vinculacion\Front-End\Convenios\src\app\Modulos\Seguimiento-Convenios\Analista-Vinculacion\pg-informes-validados\pg-informes-validados.component.html", "HTML", 0, 0, 0, 0, 0, 255, 0, 0, 0, 0, 1, 83, 339
"c:\Users\andy_\OneDrive\Documentos\Vinculacion\Front-End\Convenios\src\app\Modulos\Seguimiento-Convenios\Analista-Vinculacion\pg-informes-validados\pg-informes-validados.component.spec.ts", "TypeScript", 0, 0, 0, 17, 0, 0, 0, 0, 0, 0, 0, 5, 22
"c:\Users\andy_\OneDrive\Documentos\Vinculacion\Front-End\Convenios\src\app\Modulos\Seguimiento-Convenios\Analista-Vinculacion\pg-informes-validados\pg-informes-validados.component.ts", "TypeScript", 0, 0, 0, 117, 0, 0, 0, 0, 0, 0, 1, 30, 148
"c:\Users\andy_\OneDrive\Documentos\Vinculacion\Front-End\Convenios\src\app\Modulos\Seguimiento-Convenios\Analista-Vinculacion\pg-seguimiento-convenios\pg-seguimiento-convenios.component.css", "CSS", 0, 0, 0, 0, 0, 0, 0, 0, 0, 0, 0, 1, 1
"c:\Users\andy_\OneDrive\Documentos\Vinculacion\Front-End\Convenios\src\app\Modulos\Seguimiento-Convenios\Analista-Vinculacion\pg-seguimiento-convenios\pg-seguimiento-convenios.component.html", "HTML", 0, 0, 0, 0, 0, 20, 0, 0, 0, 0, 0, 14, 34
"c:\Users\andy_\OneDrive\Documentos\Vinculacion\Front-End\Convenios\src\app\Modulos\Seguimiento-Convenios\Analista-Vinculacion\pg-seguimiento-convenios\pg-seguimiento-convenios.component.spec.ts", "TypeScript", 0, 0, 0, 17, 0, 0, 0, 0, 0, 0, 0, 5, 22
"c:\Users\andy_\OneDrive\Documentos\Vinculacion\Front-End\Convenios\src\app\Modulos\Seguimiento-Convenios\Analista-Vinculacion\pg-seguimiento-convenios\pg-seguimiento-convenios.component.ts", "TypeScript", 0, 0, 0, 27, 0, 0, 0, 0, 0, 0, 0, 13, 40
"c:\Users\andy_\OneDrive\Documentos\Vinculacion\Front-End\Convenios\src\app\Modulos\Seguimiento-Convenios\Auditoria\pg-auditoria\pg-auditoria.component.css", "CSS", 0, 0, 0, 0, 0, 0, 0, 0, 0, 0, 0, 1, 1
"c:\Users\andy_\OneDrive\Documentos\Vinculacion\Front-End\Convenios\src\app\Modulos\Seguimiento-Convenios\Auditoria\pg-auditoria\pg-auditoria.component.html", "HTML", 0, 0, 0, 0, 0, 14, 0, 0, 0, 0, 0, 11, 25
"c:\Users\andy_\OneDrive\Documentos\Vinculacion\Front-End\Convenios\src\app\Modulos\Seguimiento-Convenios\Auditoria\pg-auditoria\pg-auditoria.component.spec.ts", "TypeScript", 0, 0, 0, 17, 0, 0, 0, 0, 0, 0, 0, 5, 22
"c:\Users\andy_\OneDrive\Documentos\Vinculacion\Front-End\Convenios\src\app\Modulos\Seguimiento-Convenios\Auditoria\pg-auditoria\pg-auditoria.component.ts", "TypeScript", 0, 0, 0, 25, 0, 0, 0, 0, 0, 0, 0, 13, 38
"c:\Users\andy_\OneDrive\Documentos\Vinculacion\Front-End\Convenios\src\app\Modulos\Seguimiento-Convenios\Auditoria\pg-convenios-informes\pg-convenios-informes.component.css", "CSS", 0, 0, 0, 0, 0, 0, 143, 0, 0, 0, 2, 38, 183
"c:\Users\andy_\OneDrive\Documentos\Vinculacion\Front-End\Convenios\src\app\Modulos\Seguimiento-Convenios\Auditoria\pg-convenios-informes\pg-convenios-informes.component.html", "HTML", 0, 0, 0, 0, 0, 228, 0, 0, 0, 0, 1, 103, 332
"c:\Users\andy_\OneDrive\Documentos\Vinculacion\Front-End\Convenios\src\app\Modulos\Seguimiento-Convenios\Auditoria\pg-convenios-informes\pg-convenios-informes.component.spec.ts", "TypeScript", 0, 0, 0, 17, 0, 0, 0, 0, 0, 0, 0, 5, 22
"c:\Users\andy_\OneDrive\Documentos\Vinculacion\Front-End\Convenios\src\app\Modulos\Seguimiento-Convenios\Auditoria\pg-convenios-informes\pg-convenios-informes.component.ts", "TypeScript", 0, 0, 0, 78, 0, 0, 0, 0, 0, 0, 0, 11, 89
"c:\Users\andy_\OneDrive\Documentos\Vinculacion\Front-End\Convenios\src\app\Modulos\pg-inicio\pg-inicio.component.css", "CSS", 0, 0, 0, 0, 0, 0, 69, 0, 0, 0, 2, 31, 102
"c:\Users\andy_\OneDrive\Documentos\Vinculacion\Front-End\Convenios\src\app\Modulos\pg-inicio\pg-inicio.component.html", "HTML", 0, 0, 0, 0, 0, 62, 0, 0, 0, 0, 0, 27, 89
"c:\Users\andy_\OneDrive\Documentos\Vinculacion\Front-End\Convenios\src\app\Modulos\pg-inicio\pg-inicio.component.spec.ts", "TypeScript", 0, 0, 0, 17, 0, 0, 0, 0, 0, 0, 0, 5, 22
"c:\Users\andy_\OneDrive\Documentos\Vinculacion\Front-End\Convenios\src\app\Modulos\pg-inicio\pg-inicio.component.ts", "TypeScript", 0, 0, 0, 34, 0, 0, 0, 0, 0, 0, 0, 11, 45
"c:\Users\andy_\OneDrive\Documentos\Vinculacion\Front-End\Convenios\src\app\Modulos\plantillas\pg-footer\pg-footer.component.css", "CSS", 0, 0, 0, 0, 0, 0, 11, 0, 0, 0, 0, 5, 16
"c:\Users\andy_\OneDrive\Documentos\Vinculacion\Front-End\Convenios\src\app\Modulos\plantillas\pg-footer\pg-footer.component.html", "HTML", 0, 0, 0, 0, 0, 5, 0, 0, 0, 0, 0, 0, 5
"c:\Users\andy_\OneDrive\Documentos\Vinculacion\Front-End\Convenios\src\app\Modulos\plantillas\pg-footer\pg-footer.component.spec.ts", "TypeScript", 0, 0, 0, 17, 0, 0, 0, 0, 0, 0, 0, 5, 22
"c:\Users\andy_\OneDrive\Documentos\Vinculacion\Front-End\Convenios\src\app\Modulos\plantillas\pg-footer\pg-footer.component.ts", "TypeScript", 0, 0, 0, 8, 0, 0, 0, 0, 0, 0, 0, 3, 11
"c:\Users\andy_\OneDrive\Documentos\Vinculacion\Front-End\Convenios\src\app\Modulos\plantillas\pg-header\pg-header.component.css", "CSS", 0, 0, 0, 0, 0, 0, 18, 0, 0, 0, 0, 2, 20
"c:\Users\andy_\OneDrive\Documentos\Vinculacion\Front-End\Convenios\src\app\Modulos\plantillas\pg-header\pg-header.component.html", "HTML", 0, 0, 0, 0, 0, 4, 0, 0, 0, 0, 1, 0, 5
"c:\Users\andy_\OneDrive\Documentos\Vinculacion\Front-End\Convenios\src\app\Modulos\plantillas\pg-header\pg-header.component.spec.ts", "TypeScript", 0, 0, 0, 17, 0, 0, 0, 0, 0, 0, 0, 5, 22
"c:\Users\andy_\OneDrive\Documentos\Vinculacion\Front-End\Convenios\src\app\Modulos\plantillas\pg-header\pg-header.component.ts", "TypeScript", 0, 0, 0, 10, 0, 0, 0, 0, 0, 0, 0, 3, 13
"c:\Users\andy_\OneDrive\Documentos\Vinculacion\Front-End\Convenios\src\app\Modulos\plantillas\pg-linea\pg-linea.component.css", "CSS", 0, 0, 0, 0, 0, 0, 19, 0, 0, 0, 1, 4, 24
"c:\Users\andy_\OneDrive\Documentos\Vinculacion\Front-End\Convenios\src\app\Modulos\plantillas\pg-linea\pg-linea.component.html", "HTML", 0, 0, 0, 0, 0, 1, 0, 0, 0, 0, 0, 1, 2
"c:\Users\andy_\OneDrive\Documentos\Vinculacion\Front-End\Convenios\src\app\Modulos\plantillas\pg-linea\pg-linea.component.spec.ts", "TypeScript", 0, 0, 0, 17, 0, 0, 0, 0, 0, 0, 0, 5, 22
"c:\Users\andy_\OneDrive\Documentos\Vinculacion\Front-End\Convenios\src\app\Modulos\plantillas\pg-linea\pg-linea.component.ts", "TypeScript", 0, 0, 0, 8, 0, 0, 0, 0, 0, 0, 0, 3, 11
"c:\Users\andy_\OneDrive\Documentos\Vinculacion\Front-End\Convenios\src\app\Modulos\plantillas\pg-menu\pg-menu.component.css", "CSS", 0, 0, 0, 0, 0, 0, 235, 0, 0, 0, 5, 43, 283
"c:\Users\andy_\OneDrive\Documentos\Vinculacion\Front-End\Convenios\src\app\Modulos\plantillas\pg-menu\pg-menu.component.html", "HTML", 0, 0, 0, 0, 0, 27, 0, 0, 0, 0, 0, 1, 28
"c:\Users\andy_\OneDrive\Documentos\Vinculacion\Front-End\Convenios\src\app\Modulos\plantillas\pg-menu\pg-menu.component.spec.ts", "TypeScript", 0, 0, 0, 17, 0, 0, 0, 0, 0, 0, 0, 5, 22
"c:\Users\andy_\OneDrive\Documentos\Vinculacion\Front-End\Convenios\src\app\Modulos\plantillas\pg-menu\pg-menu.component.ts", "TypeScript", 0, 0, 0, 28, 0, 0, 0, 0, 0, 0, 1, 11, 40
"c:\Users\andy_\OneDrive\Documentos\Vinculacion\Front-End\Convenios\src\app\Modulos\reportes\pdf\coordinador-pdf.spec.ts", "TypeScript", 0, 0, 0, 6, 0, 0, 0, 0, 0, 0, 0, 2, 8
"c:\Users\andy_\OneDrive\Documentos\Vinculacion\Front-End\Convenios\src\app\Modulos\reportes\pdf\coordinador-pdf.ts", "TypeScript", 0, 0, 0, 43, 0, 0, 0, 0, 0, 0, 1, 8, 52
"c:\Users\andy_\OneDrive\Documentos\Vinculacion\Front-End\Convenios\src\app\app-routing.module.ts", "TypeScript", 0, 0, 0, 32, 0, 0, 0, 0, 0, 0, 0, 3, 35
"c:\Users\andy_\OneDrive\Documentos\Vinculacion\Front-End\Convenios\src\app\app.component.css", "CSS", 0, 0, 0, 0, 0, 0, 0, 0, 0, 0, 0, 2, 2
"c:\Users\andy_\OneDrive\Documentos\Vinculacion\Front-End\Convenios\src\app\app.component.html", "HTML", 0, 0, 0, 0, 0, 1, 0, 0, 0, 0, 0, 12, 13
"c:\Users\andy_\OneDrive\Documentos\Vinculacion\Front-End\Convenios\src\app\app.component.spec.ts", "TypeScript", 0, 0, 0, 25, 0, 0, 0, 0, 0, 0, 0, 5, 30
"c:\Users\andy_\OneDrive\Documentos\Vinculacion\Front-End\Convenios\src\app\app.component.ts", "TypeScript", 0, 0, 0, 9, 0, 0, 0, 0, 0, 0, 0, 7, 16
"c:\Users\andy_\OneDrive\Documentos\Vinculacion\Front-End\Convenios\src\app\app.module.ts", "TypeScript", 0, 0, 0, 148, 0, 0, 0, 0, 0, 0, 3, 26, 177
"c:\Users\andy_\OneDrive\Documentos\Vinculacion\Front-End\Convenios\src\app\pg-login-cas\pg-login-cas.component.css", "CSS", 0, 0, 0, 0, 0, 0, 5, 0, 0, 0, 0, 0, 5
"c:\Users\andy_\OneDrive\Documentos\Vinculacion\Front-End\Convenios\src\app\pg-login-cas\pg-login-cas.component.html", "HTML", 0, 0, 0, 0, 0, 6, 0, 0, 0, 0, 0, 1, 7
"c:\Users\andy_\OneDrive\Documentos\Vinculacion\Front-End\Convenios\src\app\pg-login-cas\pg-login-cas.component.spec.ts", "TypeScript", 0, 0, 0, 17, 0, 0, 0, 0, 0, 0, 0, 5, 22
"c:\Users\andy_\OneDrive\Documentos\Vinculacion\Front-End\Convenios\src\app\pg-login-cas\pg-login-cas.component.ts", "TypeScript", 0, 0, 0, 53, 0, 0, 0, 0, 0, 0, 2, 20, 75
"c:\Users\andy_\OneDrive\Documentos\Vinculacion\Front-End\Convenios\src\app\pg-principal\pg-principal.component.css", "CSS", 0, 0, 0, 0, 0, 0, 298, 0, 0, 0, 13, 43, 354
"c:\Users\andy_\OneDrive\Documentos\Vinculacion\Front-End\Convenios\src\app\pg-principal\pg-principal.component.html", "HTML", 0, 0, 0, 0, 0, 49, 0, 0, 0, 0, 0, 13, 62
"c:\Users\andy_\OneDrive\Documentos\Vinculacion\Front-End\Convenios\src\app\pg-principal\pg-principal.component.spec.ts", "TypeScript", 0, 0, 0, 20, 0, 0, 0, 0, 0, 0, 0, 6, 26
"c:\Users\andy_\OneDrive\Documentos\Vinculacion\Front-End\Convenios\src\app\pg-principal\pg-principal.component.ts", "TypeScript", 0, 0, 0, 14, 0, 0, 0, 0, 0, 0, 0, 8, 22
"c:\Users\andy_\OneDrive\Documentos\Vinculacion\Front-End\Convenios\src\assets\fonts\fontawesome-webfont.svg", "XML", 0, 0, 0, 0, 0, 0, 0, 0, 685, 0, 0, 0, 685
"c:\Users\andy_\OneDrive\Documentos\Vinculacion\Front-End\Convenios\src\assets\fonts\glyphicons-halflings-regular.svg", "XML", 0, 0, 0, 0, 0, 0, 0, 0, 288, 0, 0, 0, 288
"c:\Users\andy_\OneDrive\Documentos\Vinculacion\Front-End\Convenios\src\assets\fonts\lato-bol-webfont.svg", "XML", 0, 0, 0, 0, 0, 0, 0, 0, 4551, 0, 0, 0, 4551
"c:\Users\andy_\OneDrive\Documentos\Vinculacion\Front-End\Convenios\src\assets\fonts\lato-lig-webfont.svg", "XML", 0, 0, 0, 0, 0, 0, 0, 0, 4241, 0, 0, 0, 4241
"c:\Users\andy_\OneDrive\Documentos\Vinculacion\Front-End\Convenios\src\assets\fonts\lato-reg-webfont.svg", "XML", 0, 0, 0, 0, 0, 0, 0, 0, 4241, 0, 0, 0, 4241
"c:\Users\andy_\OneDrive\Documentos\Vinculacion\Front-End\Convenios\src\assets\i18n\es.json", "JSON", 62, 0, 0, 0, 0, 0, 0, 0, 0, 0, 0, 1, 63
"c:\Users\andy_\OneDrive\Documentos\Vinculacion\Front-End\Convenios\src\assets\imagenes\iconoPrincipal.svg", "XML", 0, 0, 0, 0, 0, 0, 0, 0, 769, 0, 1, 3, 773
"c:\Users\andy_\OneDrive\Documentos\Vinculacion\Front-End\Convenios\src\assets\imagenes\transfer-black.svg", "XML", 0, 0, 0, 0, 0, 0, 0, 0, 48, 0, 1, 1, 50
"c:\Users\andy_\OneDrive\Documentos\Vinculacion\Front-End\Convenios\src\assets\img\exchange.svg", "XML", 0, 0, 0, 0, 0, 0, 0, 0, 1, 0, 0, 0, 1
"c:\Users\andy_\OneDrive\Documentos\Vinculacion\Front-End\Convenios\src\assets\img\transfer-black.svg", "XML", 0, 0, 0, 0, 0, 0, 0, 0, 48, 0, 1, 1, 50
"c:\Users\andy_\OneDrive\Documentos\Vinculacion\Front-End\Convenios\src\assets\img\transfer-white.svg", "XML", 0, 0, 0, 0, 0, 0, 0, 0, 43, 0, 0, 1, 44
"c:\Users\andy_\OneDrive\Documentos\Vinculacion\Front-End\Convenios\src\assets\img\user.svg", "XML", 0, 0, 0, 0, 0, 0, 0, 0, 51, 0, 1, 1, 53
"c:\Users\andy_\OneDrive\Documentos\Vinculacion\Front-End\Convenios\src\assets\theme\theme.css", "CSS", 0, 0, 0, 0, 0, 0, 6581, 0, 0, 0, 2, 183, 6766
"c:\Users\andy_\OneDrive\Documentos\Vinculacion\Front-End\Convenios\src\herramientas\Mensajes\MensajesConvenios.ts", "TypeScript", 0, 0, 0, 28, 0, 0, 0, 0, 0, 0, 0, 4, 32
"c:\Users\andy_\OneDrive\Documentos\Vinculacion\Front-End\Convenios\src\herramientas\Spinner\spinner.component.scss", "SCSS", 0, 0, 0, 0, 0, 0, 0, 0, 0, 19, 19, 4, 42
"c:\Users\andy_\OneDrive\Documentos\Vinculacion\Front-End\Convenios\src\herramientas\Spinner\spinner.component.ts", "TypeScript", 0, 0, 0, 34, 0, 0, 0, 0, 0, 0, 0, 5, 39
"c:\Users\andy_\OneDrive\Documentos\Vinculacion\Front-End\Convenios\src\herramientas\Spinner\spinner.interceptor.ts", "TypeScript", 0, 0, 0, 49, 0, 0, 0, 0, 0, 0, 0, 4, 53
"c:\Users\andy_\OneDrive\Documentos\Vinculacion\Front-End\Convenios\src\herramientas\Spinner\spinner.module.ts", "TypeScript", 0, 0, 0, 10, 0, 0, 0, 0, 0, 0, 0, 4, 14
"c:\Users\andy_\OneDrive\Documentos\Vinculacion\Front-End\Convenios\src\herramientas\Spinner\spinner.service.ts", "TypeScript", 0, 0, 0, 21, 0, 0, 0, 0, 0, 0, 0, 6, 27
"c:\Users\andy_\OneDrive\Documentos\Vinculacion\Front-End\Convenios\src\herramientas\Spinner\spinnerss.component.ts", "TypeScript", 0, 0, 0, 18, 0, 0, 0, 0, 0, 0, 0, 4, 22
"c:\Users\andy_\OneDrive\Documentos\Vinculacion\Front-End\Convenios\src\herramientas\colors\color.ts", "TypeScript", 0, 0, 0, 22, 0, 0, 0, 0, 0, 0, 0, 3, 25
"c:\Users\andy_\OneDrive\Documentos\Vinculacion\Front-End\Convenios\src\herramientas\direcciones\Direcciones.ts", "TypeScript", 0, 0, 0, 45, 0, 0, 0, 0, 0, 0, 2, 9, 56
"c:\Users\andy_\OneDrive\Documentos\Vinculacion\Front-End\Convenios\src\herramientas\loader\loader.service.ts", "TypeScript", 0, 0, 0, 11, 0, 0, 0, 0, 0, 0, 0, 3, 14
"c:\Users\andy_\OneDrive\Documentos\Vinculacion\Front-End\Convenios\src\index.html", "HTML", 0, 0, 0, 0, 0, 13, 0, 0, 0, 0, 0, 1, 14
"c:\Users\andy_\OneDrive\Documentos\Vinculacion\Front-End\Convenios\src\main.ts", "TypeScript", 0, 0, 0, 4, 0, 0, 0, 0, 0, 0, 0, 4, 8
"c:\Users\andy_\OneDrive\Documentos\Vinculacion\Front-End\Convenios\src\styles.css", "CSS", 0, 0, 0, 0, 0, 0, 112, 0, 0, 0, 1, 22, 135
"c:\Users\andy_\OneDrive\Documentos\Vinculacion\Front-End\Convenios\tsconfig.app.json", "JSON", 13, 0, 0, 0, 0, 0, 0, 0, 0, 0, 1, 1, 15
"c:\Users\andy_\OneDrive\Documentos\Vinculacion\Front-End\Convenios\tsconfig.json", "JSON with Comments", 0, 0, 32, 0, 0, 0, 0, 0, 0, 0, 1, 1, 34
"c:\Users\andy_\OneDrive\Documentos\Vinculacion\Front-End\Convenios\tsconfig.spec.json", "JSON", 13, 0, 0, 0, 0, 0, 0, 0, 0, 0, 1, 1, 15
"c:\Users\andy_\OneDrive\Documentos\Vinculacion\Front-End\Mod-Seguridad\README.md", "Markdown", 0, 0, 0, 0, 0, 0, 0, 14, 0, 0, 0, 14, 28
"c:\Users\andy_\OneDrive\Documentos\Vinculacion\Front-End\Mod-Seguridad\angular.json", "JSON", 146, 0, 0, 0, 0, 0, 0, 0, 0, 0, 0, 0, 146
"c:\Users\andy_\OneDrive\Documentos\Vinculacion\Front-End\Mod-Seguridad\e2e\protractor.conf.js", "JavaScript", 0, 0, 0, 0, 29, 0, 0, 0, 0, 0, 6, 2, 37
"c:\Users\andy_\OneDrive\Documentos\Vinculacion\Front-End\Mod-Seguridad\e2e\src\app.e2e-spec.ts", "TypeScript", 0, 0, 0, 18, 0, 0, 0, 0, 0, 0, 1, 5, 24
"c:\Users\andy_\OneDrive\Documentos\Vinculacion\Front-End\Mod-Seguridad\e2e\src\app.po.ts", "TypeScript", 0, 0, 0, 9, 0, 0, 0, 0, 0, 0, 0, 3, 12
"c:\Users\andy_\OneDrive\Documentos\Vinculacion\Front-End\Mod-Seguridad\e2e\tsconfig.json", "JSON with Comments", 0, 0, 12, 0, 0, 0, 0, 0, 0, 0, 1, 1, 14
"c:\Users\andy_\OneDrive\Documentos\Vinculacion\Front-End\Mod-Seguridad\karma.conf.js", "JavaScript", 0, 0, 0, 0, 37, 0, 0, 0, 0, 0, 6, 2, 45
"c:\Users\andy_\OneDrive\Documentos\Vinculacion\Front-End\Mod-Seguridad\package-lock.json", "JSON", 32612, 0, 0, 0, 0, 0, 0, 0, 0, 0, 0, 1, 32613
"c:\Users\andy_\OneDrive\Documentos\Vinculacion\Front-End\Mod-Seguridad\package.json", "JSON", 51, 0, 0, 0, 0, 0, 0, 0, 0, 0, 0, 1, 52
"c:\Users\andy_\OneDrive\Documentos\Vinculacion\Front-End\Mod-Seguridad\src\app\app-routing.module.ts", "TypeScript", 0, 0, 0, 13, 0, 0, 0, 0, 0, 0, 0, 4, 17
"c:\Users\andy_\OneDrive\Documentos\Vinculacion\Front-End\Mod-Seguridad\src\app\app.component.css", "CSS", 0, 0, 0, 0, 0, 0, 0, 0, 0, 0, 0, 1, 1
"c:\Users\andy_\OneDrive\Documentos\Vinculacion\Front-End\Mod-Seguridad\src\app\app.component.html", "HTML", 0, 0, 0, 0, 0, 1, 0, 0, 0, 0, 0, 2, 3
"c:\Users\andy_\OneDrive\Documentos\Vinculacion\Front-End\Mod-Seguridad\src\app\app.component.spec.ts", "TypeScript", 0, 0, 0, 31, 0, 0, 0, 0, 0, 0, 0, 5, 36
"c:\Users\andy_\OneDrive\Documentos\Vinculacion\Front-End\Mod-Seguridad\src\app\app.component.ts", "TypeScript", 0, 0, 0, 9, 0, 0, 0, 0, 0, 0, 0, 2, 11
"c:\Users\andy_\OneDrive\Documentos\Vinculacion\Front-End\Mod-Seguridad\src\app\app.module.ts", "TypeScript", 0, 0, 0, 33, 0, 0, 0, 0, 0, 0, 1, 1, 35
"c:\Users\andy_\OneDrive\Documentos\Vinculacion\Front-End\Mod-Seguridad\src\app\herramientas\Mensajes\MensajesModuloSeguridad.component.ts", "TypeScript", 0, 0, 0, 28, 0, 0, 0, 0, 0, 0, 0, 4, 32
"c:\Users\andy_\OneDrive\Documentos\Vinculacion\Front-End\Mod-Seguridad\src\app\herramientas\Spinner\spinner.component.scss", "SCSS", 0, 0, 0, 0, 0, 0, 0, 0, 0, 19, 19, 4, 42
"c:\Users\andy_\OneDrive\Documentos\Vinculacion\Front-End\Mod-Seguridad\src\app\herramientas\Spinner\spinner.component.ts", "TypeScript", 0, 0, 0, 34, 0, 0, 0, 0, 0, 0, 0, 5, 39
"c:\Users\andy_\OneDrive\Documentos\Vinculacion\Front-End\Mod-Seguridad\src\app\herramientas\Spinner\spinner.interceptor.ts", "TypeScript", 0, 0, 0, 49, 0, 0, 0, 0, 0, 0, 0, 4, 53
"c:\Users\andy_\OneDrive\Documentos\Vinculacion\Front-End\Mod-Seguridad\src\app\herramientas\Spinner\spinner.module.ts", "TypeScript", 0, 0, 0, 10, 0, 0, 0, 0, 0, 0, 0, 4, 14
"c:\Users\andy_\OneDrive\Documentos\Vinculacion\Front-End\Mod-Seguridad\src\app\herramientas\Spinner\spinner.service.ts", "TypeScript", 0, 0, 0, 21, 0, 0, 0, 0, 0, 0, 0, 6, 27
"c:\Users\andy_\OneDrive\Documentos\Vinculacion\Front-End\Mod-Seguridad\src\app\herramientas\Spinner\spinnerss.component.ts", "TypeScript", 0, 0, 0, 18, 0, 0, 0, 0, 0, 0, 0, 4, 22
"c:\Users\andy_\OneDrive\Documentos\Vinculacion\Front-End\Mod-Seguridad\src\app\herramientas\cas\cas-client.service.ts", "TypeScript", 0, 0, 0, 118, 0, 0, 0, 0, 0, 0, 3, 21, 142
"c:\Users\andy_\OneDrive\Documentos\Vinculacion\Front-End\Mod-Seguridad\src\app\herramientas\cas\http.service.ts", "TypeScript", 0, 0, 0, 15, 0, 0, 0, 0, 0, 0, 10, 5, 30
"c:\Users\andy_\OneDrive\Documentos\Vinculacion\Front-End\Mod-Seguridad\src\app\herramientas\cas\session-usuario.service.ts", "TypeScript", 0, 0, 0, 101, 0, 0, 0, 0, 0, 0, 49, 16, 166
"c:\Users\andy_\OneDrive\Documentos\Vinculacion\Front-End\Mod-Seguridad\src\app\herramientas\colors\color.ts", "TypeScript", 0, 0, 0, 22, 0, 0, 0, 0, 0, 0, 0, 3, 25
"c:\Users\andy_\OneDrive\Documentos\Vinculacion\Front-End\Mod-Seguridad\src\app\herramientas\loader\loader.service.ts", "TypeScript", 0, 0, 0, 11, 0, 0, 0, 0, 0, 0, 0, 3, 14
"c:\Users\andy_\OneDrive\Documentos\Vinculacion\Front-End\Mod-Seguridad\src\app\modulos\login\componentes\pg-bienvenida\pg-bienvenida.component.css", "CSS", 0, 0, 0, 0, 0, 0, 60, 0, 0, 0, 10, 15, 85
"c:\Users\andy_\OneDrive\Documentos\Vinculacion\Front-End\Mod-Seguridad\src\app\modulos\login\componentes\pg-bienvenida\pg-bienvenida.component.html", "HTML", 0, 0, 0, 0, 0, 13, 0, 0, 0, 0, 0, 4, 17
"c:\Users\andy_\OneDrive\Documentos\Vinculacion\Front-End\Mod-Seguridad\src\app\modulos\login\componentes\pg-bienvenida\pg-bienvenida.component.spec.ts", "TypeScript", 0, 0, 0, 20, 0, 0, 0, 0, 0, 0, 0, 6, 26
"c:\Users\andy_\OneDrive\Documentos\Vinculacion\Front-End\Mod-Seguridad\src\app\modulos\login\componentes\pg-bienvenida\pg-bienvenida.component.ts", "TypeScript", 0, 0, 0, 42, 0, 0, 0, 0, 0, 0, 0, 10, 52
"c:\Users\andy_\OneDrive\Documentos\Vinculacion\Front-End\Mod-Seguridad\src\app\modulos\login\componentes\pg-login\pg-login.component.css", "CSS", 0, 0, 0, 0, 0, 0, 302, 0, 0, 0, 13, 43, 358
"c:\Users\andy_\OneDrive\Documentos\Vinculacion\Front-End\Mod-Seguridad\src\app\modulos\login\componentes\pg-login\pg-login.component.html", "HTML", 0, 0, 0, 0, 0, 44, 0, 0, 0, 0, 0, 13, 57
"c:\Users\andy_\OneDrive\Documentos\Vinculacion\Front-End\Mod-Seguridad\src\app\modulos\login\componentes\pg-login\pg-login.component.ts", "TypeScript", 0, 0, 0, 20, 0, 0, 0, 0, 0, 0, 2, 8, 30
"c:\Users\andy_\OneDrive\Documentos\Vinculacion\Front-End\Mod-Seguridad\src\app\modulos\login\componentes\pg-no-autorizado\pg-no-autorizado.component.css", "CSS", 0, 0, 0, 0, 0, 0, 0, 0, 0, 0, 0, 1, 1
"c:\Users\andy_\OneDrive\Documentos\Vinculacion\Front-End\Mod-Seguridad\src\app\modulos\login\componentes\pg-no-autorizado\pg-no-autorizado.component.html", "HTML", 0, 0, 0, 0, 0, 1, 0, 0, 0, 0, 0, 1, 2
"c:\Users\andy_\OneDrive\Documentos\Vinculacion\Front-End\Mod-Seguridad\src\app\modulos\login\componentes\pg-no-autorizado\pg-no-autorizado.component.spec.ts", "TypeScript", 0, 0, 0, 20, 0, 0, 0, 0, 0, 0, 0, 6, 26
"c:\Users\andy_\OneDrive\Documentos\Vinculacion\Front-End\Mod-Seguridad\src\app\modulos\login\componentes\pg-no-autorizado\pg-no-autorizado.component.ts", "TypeScript", 0, 0, 0, 11, 0, 0, 0, 0, 0, 0, 0, 5, 16
"c:\Users\andy_\OneDrive\Documentos\Vinculacion\Front-End\Mod-Seguridad\src\app\modulos\login\componentes\pg-puente\pg-puente.component.css", "CSS", 0, 0, 0, 0, 0, 0, 0, 0, 0, 0, 0, 1, 1
"c:\Users\andy_\OneDrive\Documentos\Vinculacion\Front-End\Mod-Seguridad\src\app\modulos\login\componentes\pg-puente\pg-puente.component.html", "HTML", 0, 0, 0, 0, 0, 5, 0, 0, 0, 0, 0, 2, 7
"c:\Users\andy_\OneDrive\Documentos\Vinculacion\Front-End\Mod-Seguridad\src\app\modulos\login\componentes\pg-puente\pg-puente.component.spec.ts", "TypeScript", 0, 0, 0, 20, 0, 0, 0, 0, 0, 0, 0, 6, 26
"c:\Users\andy_\OneDrive\Documentos\Vinculacion\Front-End\Mod-Seguridad\src\app\modulos\login\componentes\pg-puente\pg-puente.component.ts", "TypeScript", 0, 0, 0, 79, 0, 0, 0, 0, 0, 0, 31, 18, 128
"c:\Users\andy_\OneDrive\Documentos\Vinculacion\Front-End\Mod-Seguridad\src\app\modulos\login\guards\auth.guard.ts", "TypeScript", 0, 0, 0, 38, 0, 0, 0, 0, 0, 0, 0, 7, 45
"c:\Users\andy_\OneDrive\Documentos\Vinculacion\Front-End\Mod-Seguridad\src\app\modulos\login\login-routing.module.ts", "TypeScript", 0, 0, 0, 31, 0, 0, 0, 0, 0, 0, 5, 5, 41
"c:\Users\andy_\OneDrive\Documentos\Vinculacion\Front-End\Mod-Seguridad\src\app\modulos\login\login.module.ts", "TypeScript", 0, 0, 0, 23, 0, 0, 0, 0, 0, 0, 0, 2, 25
"c:\Users\andy_\OneDrive\Documentos\Vinculacion\Front-End\Mod-Seguridad\src\app\modulos\seguridad\componentes\pg-asignacion-opciones\pg-asignacion-opciones.component.css", "CSS", 0, 0, 0, 0, 0, 0, 0, 0, 0, 0, 0, 1, 1
"c:\Users\andy_\OneDrive\Documentos\Vinculacion\Front-End\Mod-Seguridad\src\app\modulos\seguridad\componentes\pg-asignacion-opciones\pg-asignacion-opciones.component.html", "HTML", 0, 0, 0, 0, 0, 143, 0, 0, 0, 0, 0, 0, 143
"c:\Users\andy_\OneDrive\Documentos\Vinculacion\Front-End\Mod-Seguridad\src\app\modulos\seguridad\componentes\pg-asignacion-opciones\pg-asignacion-opciones.component.ts", "TypeScript", 0, 0, 0, 191, 0, 0, 0, 0, 0, 0, 2, 16, 209
"c:\Users\andy_\OneDrive\Documentos\Vinculacion\Front-End\Mod-Seguridad\src\app\modulos\seguridad\componentes\pg-asignacion-reglamento\pg-asignacion-reglamento.component.css", "CSS", 0, 0, 0, 0, 0, 0, 0, 0, 0, 0, 0, 1, 1
"c:\Users\andy_\OneDrive\Documentos\Vinculacion\Front-End\Mod-Seguridad\src\app\modulos\seguridad\componentes\pg-asignacion-reglamento\pg-asignacion-reglamento.component.html", "HTML", 0, 0, 0, 0, 0, 1, 0, 0, 0, 0, 0, 1, 2
"c:\Users\andy_\OneDrive\Documentos\Vinculacion\Front-End\Mod-Seguridad\src\app\modulos\seguridad\componentes\pg-asignacion-reglamento\pg-asignacion-reglamento.component.spec.ts", "TypeScript", 0, 0, 0, 20, 0, 0, 0, 0, 0, 0, 0, 6, 26
"c:\Users\andy_\OneDrive\Documentos\Vinculacion\Front-End\Mod-Seguridad\src\app\modulos\seguridad\componentes\pg-asignacion-reglamento\pg-asignacion-reglamento.component.ts", "TypeScript", 0, 0, 0, 11, 0, 0, 0, 0, 0, 0, 0, 5, 16
"c:\Users\andy_\OneDrive\Documentos\Vinculacion\Front-End\Mod-Seguridad\src\app\modulos\seguridad\componentes\pg-opciones\pg-opciones.component.css", "CSS", 0, 0, 0, 0, 0, 0, 0, 0, 0, 0, 0, 1, 1
"c:\Users\andy_\OneDrive\Documentos\Vinculacion\Front-End\Mod-Seguridad\src\app\modulos\seguridad\componentes\pg-opciones\pg-opciones.component.html", "HTML", 0, 0, 0, 0, 0, 1, 0, 0, 0, 0, 0, 1, 2
"c:\Users\andy_\OneDrive\Documentos\Vinculacion\Front-End\Mod-Seguridad\src\app\modulos\seguridad\componentes\pg-opciones\pg-opciones.component.spec.ts", "TypeScript", 0, 0, 0, 20, 0, 0, 0, 0, 0, 0, 0, 6, 26
"c:\Users\andy_\OneDrive\Documentos\Vinculacion\Front-End\Mod-Seguridad\src\app\modulos\seguridad\componentes\pg-opciones\pg-opciones.component.ts", "TypeScript", 0, 0, 0, 11, 0, 0, 0, 0, 0, 0, 0, 5, 16
"c:\Users\andy_\OneDrive\Documentos\Vinculacion\Front-End\Mod-Seguridad\src\app\modulos\seguridad\componentes\pg-permisos\pg-permisos.component.css", "CSS", 0, 0, 0, 0, 0, 0, 0, 0, 0, 0, 0, 1, 1
"c:\Users\andy_\OneDrive\Documentos\Vinculacion\Front-End\Mod-Seguridad\src\app\modulos\seguridad\componentes\pg-permisos\pg-permisos.component.html", "HTML", 0, 0, 0, 0, 0, 1, 0, 0, 0, 0, 0, 1, 2
"c:\Users\andy_\OneDrive\Documentos\Vinculacion\Front-End\Mod-Seguridad\src\app\modulos\seguridad\componentes\pg-permisos\pg-permisos.component.spec.ts", "TypeScript", 0, 0, 0, 20, 0, 0, 0, 0, 0, 0, 0, 6, 26
"c:\Users\andy_\OneDrive\Documentos\Vinculacion\Front-End\Mod-Seguridad\src\app\modulos\seguridad\componentes\pg-permisos\pg-permisos.component.ts", "TypeScript", 0, 0, 0, 11, 0, 0, 0, 0, 0, 0, 0, 5, 16
"c:\Users\andy_\OneDrive\Documentos\Vinculacion\Front-End\Mod-Seguridad\src\app\modulos\seguridad\componentes\pg-principal-seguridad\pg-principal-seguridad.component.css", "CSS", 0, 0, 0, 0, 0, 0, 0, 0, 0, 0, 0, 1, 1
"c:\Users\andy_\OneDrive\Documentos\Vinculacion\Front-End\Mod-Seguridad\src\app\modulos\seguridad\componentes\pg-principal-seguridad\pg-principal-seguridad.component.html", "HTML", 0, 0, 0, 0, 0, 23, 0, 0, 0, 0, 1, 2, 26
"c:\Users\andy_\OneDrive\Documentos\Vinculacion\Front-End\Mod-Seguridad\src\app\modulos\seguridad\componentes\pg-principal-seguridad\pg-principal-seguridad.component.ts", "TypeScript", 0, 0, 0, 26, 0, 0, 0, 0, 0, 0, 0, 8, 34
"c:\Users\andy_\OneDrive\Documentos\Vinculacion\Front-End\Mod-Seguridad\src\app\modulos\seguridad\componentes\pg-reglamento\pg-reglamento.component.css", "CSS", 0, 0, 0, 0, 0, 0, 0, 0, 0, 0, 0, 1, 1
"c:\Users\andy_\OneDrive\Documentos\Vinculacion\Front-End\Mod-Seguridad\src\app\modulos\seguridad\componentes\pg-reglamento\pg-reglamento.component.html", "HTML", 0, 0, 0, 0, 0, 1, 0, 0, 0, 0, 0, 1, 2
"c:\Users\andy_\OneDrive\Documentos\Vinculacion\Front-End\Mod-Seguridad\src\app\modulos\seguridad\componentes\pg-reglamento\pg-reglamento.component.spec.ts", "TypeScript", 0, 0, 0, 20, 0, 0, 0, 0, 0, 0, 0, 6, 26
"c:\Users\andy_\OneDrive\Documentos\Vinculacion\Front-End\Mod-Seguridad\src\app\modulos\seguridad\componentes\pg-reglamento\pg-reglamento.component.ts", "TypeScript", 0, 0, 0, 11, 0, 0, 0, 0, 0, 0, 0, 5, 16
"c:\Users\andy_\OneDrive\Documentos\Vinculacion\Front-End\Mod-Seguridad\src\app\modulos\seguridad\componentes\pg-roles\pg-roles.component.css", "CSS", 0, 0, 0, 0, 0, 0, 0, 0, 0, 0, 0, 1, 1
"c:\Users\andy_\OneDrive\Documentos\Vinculacion\Front-End\Mod-Seguridad\src\app\modulos\seguridad\componentes\pg-roles\pg-roles.component.html", "HTML", 0, 0, 0, 0, 0, 95, 0, 0, 0, 0, 0, 3, 98
"c:\Users\andy_\OneDrive\Documentos\Vinculacion\Front-End\Mod-Seguridad\src\app\modulos\seguridad\componentes\pg-roles\pg-roles.component.spec.ts", "TypeScript", 0, 0, 0, 20, 0, 0, 0, 0, 0, 0, 0, 6, 26
"c:\Users\andy_\OneDrive\Documentos\Vinculacion\Front-End\Mod-Seguridad\src\app\modulos\seguridad\componentes\pg-roles\pg-roles.component.ts", "TypeScript", 0, 0, 0, 121, 0, 0, 0, 0, 0, 0, 1, 11, 133
"c:\Users\andy_\OneDrive\Documentos\Vinculacion\Front-End\Mod-Seguridad\src\app\modulos\seguridad\componentes\pg-usuarios\pg-usuarios.component.css", "CSS", 0, 0, 0, 0, 0, 0, 3, 0, 0, 0, 0, 0, 3
"c:\Users\andy_\OneDrive\Documentos\Vinculacion\Front-End\Mod-Seguridad\src\app\modulos\seguridad\componentes\pg-usuarios\pg-usuarios.component.html", "HTML", 0, 0, 0, 0, 0, 252, 0, 0, 0, 0, 0, 55, 307
"c:\Users\andy_\OneDrive\Documentos\Vinculacion\Front-End\Mod-Seguridad\src\app\modulos\seguridad\componentes\pg-usuarios\pg-usuarios.component.spec.ts", "TypeScript", 0, 0, 0, 20, 0, 0, 0, 0, 0, 0, 0, 6, 26
"c:\Users\andy_\OneDrive\Documentos\Vinculacion\Front-End\Mod-Seguridad\src\app\modulos\seguridad\componentes\pg-usuarios\pg-usuarios.component.ts", "TypeScript", 0, 0, 0, 372, 0, 0, 0, 0, 0, 0, 6, 41, 419
"c:\Users\andy_\OneDrive\Documentos\Vinculacion\Front-End\Mod-Seguridad\src\app\modulos\seguridad\modelos\carrera.ts", "TypeScript", 0, 0, 0, 9, 0, 0, 0, 0, 0, 0, 0, 1, 10
"c:\Users\andy_\OneDrive\Documentos\Vinculacion\Front-End\Mod-Seguridad\src\app\modulos\seguridad\modelos\facultad.ts", "TypeScript", 0, 0, 0, 7, 0, 0, 0, 0, 0, 0, 0, 1, 8
"c:\Users\andy_\OneDrive\Documentos\Vinculacion\Front-End\Mod-Seguridad\src\app\modulos\seguridad\modelos\generales.ts", "TypeScript", 0, 0, 0, 14, 0, 0, 0, 0, 0, 0, 0, 1, 15
"c:\Users\andy_\OneDrive\Documentos\Vinculacion\Front-End\Mod-Seguridad\src\app\modulos\seguridad\modelos\padreOpcion.ts", "TypeScript", 0, 0, 0, 25, 0, 0, 0, 0, 0, 0, 0, 3, 28
"c:\Users\andy_\OneDrive\Documentos\Vinculacion\Front-End\Mod-Seguridad\src\app\modulos\seguridad\modelos\persona.ts", "TypeScript", 0, 0, 0, 10, 0, 0, 0, 0, 0, 0, 0, 1, 11
"c:\Users\andy_\OneDrive\Documentos\Vinculacion\Front-End\Mod-Seguridad\src\app\modulos\seguridad\modelos\personarol.ts", "TypeScript", 0, 0, 0, 8, 0, 0, 0, 0, 0, 0, 0, 2, 10
"c:\Users\andy_\OneDrive\Documentos\Vinculacion\Front-End\Mod-Seguridad\src\app\modulos\seguridad\modelos\reglamento.ts", "TypeScript", 0, 0, 0, 7, 0, 0, 0, 0, 0, 0, 0, 0, 7
"c:\Users\andy_\OneDrive\Documentos\Vinculacion\Front-End\Mod-Seguridad\src\app\modulos\seguridad\modelos\roles.ts", "TypeScript", 0, 0, 0, 6, 0, 0, 0, 0, 0, 0, 0, 0, 6
"c:\Users\andy_\OneDrive\Documentos\Vinculacion\Front-End\Mod-Seguridad\src\app\modulos\seguridad\seguridad-routing.module.ts", "TypeScript", 0, 0, 0, 19, 0, 0, 0, 0, 0, 0, 0, 6, 25
"c:\Users\andy_\OneDrive\Documentos\Vinculacion\Front-End\Mod-Seguridad\src\app\modulos\seguridad\seguridad.module.ts", "TypeScript", 0, 0, 0, 27, 0, 0, 0, 0, 0, 0, 0, 2, 29
"c:\Users\andy_\OneDrive\Documentos\Vinculacion\Front-End\Mod-Seguridad\src\app\modulos\template\admin\pg-footer\pg-footer.component.css", "CSS", 0, 0, 0, 0, 0, 0, 7, 0, 0, 0, 0, 1, 8
"c:\Users\andy_\OneDrive\Documentos\Vinculacion\Front-End\Mod-Seguridad\src\app\modulos\template\admin\pg-footer\pg-footer.component.html", "HTML", 0, 0, 0, 0, 0, 5, 0, 0, 0, 0, 0, 0, 5
"c:\Users\andy_\OneDrive\Documentos\Vinculacion\Front-End\Mod-Seguridad\src\app\modulos\template\admin\pg-footer\pg-footer.component.spec.ts", "TypeScript", 0, 0, 0, 20, 0, 0, 0, 0, 0, 0, 0, 6, 26
"c:\Users\andy_\OneDrive\Documentos\Vinculacion\Front-End\Mod-Seguridad\src\app\modulos\template\admin\pg-footer\pg-footer.component.ts", "TypeScript", 0, 0, 0, 11, 0, 0, 0, 0, 0, 0, 0, 5, 16
"c:\Users\andy_\OneDrive\Documentos\Vinculacion\Front-End\Mod-Seguridad\src\app\modulos\template\admin\pg-header\pg-header.component.css", "CSS", 0, 0, 0, 0, 0, 0, 18, 0, 0, 0, 0, 2, 20
"c:\Users\andy_\OneDrive\Documentos\Vinculacion\Front-End\Mod-Seguridad\src\app\modulos\template\admin\pg-header\pg-header.component.html", "HTML", 0, 0, 0, 0, 0, 5, 0, 0, 0, 0, 0, 0, 5
"c:\Users\andy_\OneDrive\Documentos\Vinculacion\Front-End\Mod-Seguridad\src\app\modulos\template\admin\pg-header\pg-header.component.ts", "TypeScript", 0, 0, 0, 124, 0, 0, 0, 0, 0, 0, 0, 14, 138
"c:\Users\andy_\OneDrive\Documentos\Vinculacion\Front-End\Mod-Seguridad\src\app\modulos\template\admin\pg-linea-login\pg-linea-login.component.css", "CSS", 0, 0, 0, 0, 0, 0, 15, 0, 0, 0, 0, 3, 18
"c:\Users\andy_\OneDrive\Documentos\Vinculacion\Front-End\Mod-Seguridad\src\app\modulos\template\admin\pg-linea-login\pg-linea-login.component.html", "HTML", 0, 0, 0, 0, 0, 1, 0, 0, 0, 0, 0, 0, 1
"c:\Users\andy_\OneDrive\Documentos\Vinculacion\Front-End\Mod-Seguridad\src\app\modulos\template\admin\pg-linea-login\pg-linea-login.component.spec.ts", "TypeScript", 0, 0, 0, 20, 0, 0, 0, 0, 0, 0, 0, 6, 26
"c:\Users\andy_\OneDrive\Documentos\Vinculacion\Front-End\Mod-Seguridad\src\app\modulos\template\admin\pg-linea-login\pg-linea-login.component.ts", "TypeScript", 0, 0, 0, 11, 0, 0, 0, 0, 0, 0, 0, 5, 16
"c:\Users\andy_\OneDrive\Documentos\Vinculacion\Front-End\Mod-Seguridad\src\app\modulos\template\admin\pg-linea\pg-linea.component.css", "CSS", 0, 0, 0, 0, 0, 0, 19, 0, 0, 0, 1, 4, 24
"c:\Users\andy_\OneDrive\Documentos\Vinculacion\Front-End\Mod-Seguridad\src\app\modulos\template\admin\pg-linea\pg-linea.component.html", "HTML", 0, 0, 0, 0, 0, 2, 0, 0, 0, 0, 0, 1, 3
"c:\Users\andy_\OneDrive\Documentos\Vinculacion\Front-End\Mod-Seguridad\src\app\modulos\template\admin\pg-linea\pg-linea.component.spec.ts", "TypeScript", 0, 0, 0, 20, 0, 0, 0, 0, 0, 0, 0, 6, 26
"c:\Users\andy_\OneDrive\Documentos\Vinculacion\Front-End\Mod-Seguridad\src\app\modulos\template\admin\pg-linea\pg-linea.component.ts", "TypeScript", 0, 0, 0, 29, 0, 0, 0, 0, 0, 0, 0, 5, 34
"c:\Users\andy_\OneDrive\Documentos\Vinculacion\Front-End\Mod-Seguridad\src\app\modulos\template\admin\pg-menu\pg-menu.component.css", "CSS", 0, 0, 0, 0, 0, 0, 215, 0, 0, 0, 2, 38, 255
"c:\Users\andy_\OneDrive\Documentos\Vinculacion\Front-End\Mod-Seguridad\src\app\modulos\template\admin\pg-menu\pg-menu.component.html", "HTML", 0, 0, 0, 0, 0, 39, 0, 0, 0, 0, 30, 13, 82
"c:\Users\andy_\OneDrive\Documentos\Vinculacion\Front-End\Mod-Seguridad\src\app\modulos\template\admin\pg-menu\pg-menu.component.spec.ts", "TypeScript", 0, 0, 0, 20, 0, 0, 0, 0, 0, 0, 0, 6, 26
"c:\Users\andy_\OneDrive\Documentos\Vinculacion\Front-End\Mod-Seguridad\src\app\modulos\template\admin\pg-menu\pg-menu.component.ts", "TypeScript", 0, 0, 0, 363, 0, 0, 0, 0, 0, 0, 7, 15, 385
"c:\Users\andy_\OneDrive\Documentos\Vinculacion\Front-End\Mod-Seguridad\src\app\modulos\template\template-routing.module.ts", "TypeScript", 0, 0, 0, 0, 0, 0, 0, 0, 0, 0, 0, 1, 1
"c:\Users\andy_\OneDrive\Documentos\Vinculacion\Front-End\Mod-Seguridad\src\app\modulos\template\template.module.ts", "TypeScript", 0, 0, 0, 23, 0, 0, 0, 0, 0, 0, 0, 3, 26
"c:\Users\andy_\OneDrive\Documentos\Vinculacion\Front-End\Mod-Seguridad\src\app\services\moduloiniciosesion.service.ts", "TypeScript", 0, 0, 0, 79, 0, 0, 0, 0, 0, 0, 2, 16, 97
"c:\Users\andy_\OneDrive\Documentos\Vinculacion\Front-End\Mod-Seguridad\src\app\serviciosweb\modulo-seguridad\persona.service.ts", "TypeScript", 0, 0, 0, 0, 0, 0, 0, 0, 0, 0, 0, 1, 1
"c:\Users\andy_\OneDrive\Documentos\Vinculacion\Front-End\Mod-Seguridad\src\app\serviciosweb\modulo-seguridad\sw-asignacion-rol.service.ts", "TypeScript", 0, 0, 0, 22, 0, 0, 0, 0, 0, 0, 1, 6, 29
"c:\Users\andy_\OneDrive\Documentos\Vinculacion\Front-End\Mod-Seguridad\src\app\serviciosweb\modulo-seguridad\sw-opciones.service.ts", "TypeScript", 0, 0, 0, 0, 0, 0, 0, 0, 0, 0, 0, 1, 1
"c:\Users\andy_\OneDrive\Documentos\Vinculacion\Front-End\Mod-Seguridad\src\app\serviciosweb\modulo-seguridad\sw-reglamento.service.ts", "TypeScript", 0, 0, 0, 0, 0, 0, 0, 0, 0, 0, 0, 1, 1
"c:\Users\andy_\OneDrive\Documentos\Vinculacion\Front-End\Mod-Seguridad\src\app\serviciosweb\modulo-seguridad\sw-rol.service.ts", "TypeScript", 0, 0, 0, 24, 0, 0, 0, 0, 0, 0, 0, 7, 31
"c:\Users\andy_\OneDrive\Documentos\Vinculacion\Front-End\Mod-Seguridad\src\app\serviciosweb\modulo-seguridad\sw-usuario.service.ts", "TypeScript", 0, 0, 0, 42, 0, 0, 0, 0, 0, 0, 6, 8, 56
"c:\Users\andy_\OneDrive\Documentos\Vinculacion\Front-End\Mod-Seguridad\src\app\shared\interfaces\Seguridad.ts", "TypeScript", 0, 0, 0, 64, 0, 0, 0, 0, 0, 0, 0, 9, 73
"c:\Users\andy_\OneDrive\Documentos\Vinculacion\Front-End\Mod-Seguridad\src\app\shared\prime-ng.module.ts", "TypeScript", 0, 0, 0, 116, 0, 0, 0, 0, 0, 0, 5, 8, 129
"c:\Users\andy_\OneDrive\Documentos\Vinculacion\Front-End\Mod-Seguridad\src\app\shared\utils\Constantes.ts", "TypeScript", 0, 0, 0, 9, 0, 0, 0, 0, 0, 0, 0, 9, 18
"c:\Users\andy_\OneDrive\Documentos\Vinculacion\Front-End\Mod-Seguridad\src\assets\config.json", "JSON", 3, 0, 0, 0, 0, 0, 0, 0, 0, 0, 0, 1, 4
"c:\Users\andy_\OneDrive\Documentos\Vinculacion\Front-End\Mod-Seguridad\src\assets\fonts\fontawesome-webfont.svg", "XML", 0, 0, 0, 0, 0, 0, 0, 0, 685, 0, 0, 0, 685
"c:\Users\andy_\OneDrive\Documentos\Vinculacion\Front-End\Mod-Seguridad\src\assets\fonts\glyphicons-halflings-regular.svg", "XML", 0, 0, 0, 0, 0, 0, 0, 0, 288, 0, 0, 0, 288
"c:\Users\andy_\OneDrive\Documentos\Vinculacion\Front-End\Mod-Seguridad\src\assets\fonts\lato-bol-webfont.svg", "XML", 0, 0, 0, 0, 0, 0, 0, 0, 4551, 0, 0, 0, 4551
"c:\Users\andy_\OneDrive\Documentos\Vinculacion\Front-End\Mod-Seguridad\src\assets\fonts\lato-lig-webfont.svg", "XML", 0, 0, 0, 0, 0, 0, 0, 0, 4241, 0, 0, 0, 4241
"c:\Users\andy_\OneDrive\Documentos\Vinculacion\Front-End\Mod-Seguridad\src\assets\fonts\lato-reg-webfont.svg", "XML", 0, 0, 0, 0, 0, 0, 0, 0, 4241, 0, 0, 0, 4241
"c:\Users\andy_\OneDrive\Documentos\Vinculacion\Front-End\Mod-Seguridad\src\assets\i18n\es.json", "JSON", 62, 0, 0, 0, 0, 0, 0, 0, 0, 0, 0, 1, 63
"c:\Users\andy_\OneDrive\Documentos\Vinculacion\Front-End\Mod-Seguridad\src\assets\imagenes\iconoPrincipal.svg", "XML", 0, 0, 0, 0, 0, 0, 0, 0, 769, 0, 1, 3, 773
"c:\Users\andy_\OneDrive\Documentos\Vinculacion\Front-End\Mod-Seguridad\src\assets\imagenes\transfer-black.svg", "XML", 0, 0, 0, 0, 0, 0, 0, 0, 48, 0, 1, 1, 50
"c:\Users\andy_\OneDrive\Documentos\Vinculacion\Front-End\Mod-Seguridad\src\assets\img\exchange.svg", "XML", 0, 0, 0, 0, 0, 0, 0, 0, 1, 0, 0, 0, 1
"c:\Users\andy_\OneDrive\Documentos\Vinculacion\Front-End\Mod-Seguridad\src\assets\img\transfer-black.svg", "XML", 0, 0, 0, 0, 0, 0, 0, 0, 48, 0, 1, 1, 50
"c:\Users\andy_\OneDrive\Documentos\Vinculacion\Front-End\Mod-Seguridad\src\assets\img\transfer-white.svg", "XML", 0, 0, 0, 0, 0, 0, 0, 0, 43, 0, 0, 1, 44
"c:\Users\andy_\OneDrive\Documentos\Vinculacion\Front-End\Mod-Seguridad\src\assets\img\user.svg", "XML", 0, 0, 0, 0, 0, 0, 0, 0, 51, 0, 1, 1, 53
"c:\Users\andy_\OneDrive\Documentos\Vinculacion\Front-End\Mod-Seguridad\src\assets\theme\theme.css", "CSS", 0, 0, 0, 0, 0, 0, 6581, 0, 0, 0, 2, 183, 6766
"c:\Users\andy_\OneDrive\Documentos\Vinculacion\Front-End\Mod-Seguridad\src\environments\environment.prod.ts", "TypeScript", 0, 0, 0, 26, 0, 0, 0, 0, 0, 0, 5, 11, 42
"c:\Users\andy_\OneDrive\Documentos\Vinculacion\Front-End\Mod-Seguridad\src\environments\environment.ts", "TypeScript", 0, 0, 0, 28, 0, 0, 0, 0, 0, 0, 5, 10, 43
"c:\Users\andy_\OneDrive\Documentos\Vinculacion\Front-End\Mod-Seguridad\src\index.html", "HTML", 0, 0, 0, 0, 0, 13, 0, 0, 0, 0, 0, 1, 14
"c:\Users\andy_\OneDrive\Documentos\Vinculacion\Front-End\Mod-Seguridad\src\main.ts", "TypeScript", 0, 0, 0, 9, 0, 0, 0, 0, 0, 0, 0, 4, 13
"c:\Users\andy_\OneDrive\Documentos\Vinculacion\Front-End\Mod-Seguridad\src\polyfills.ts", "TypeScript", 0, 0, 0, 1, 0, 0, 0, 0, 0, 0, 55, 8, 64
"c:\Users\andy_\OneDrive\Documentos\Vinculacion\Front-End\Mod-Seguridad\src\styles.css", "CSS", 0, 0, 0, 0, 0, 0, 110, 0, 0, 0, 1, 20, 131
"c:\Users\andy_\OneDrive\Documentos\Vinculacion\Front-End\Mod-Seguridad\src\test.ts", "TypeScript", 0, 0, 0, 18, 0, 0, 0, 0, 0, 0, 4, 4, 26
"c:\Users\andy_\OneDrive\Documentos\Vinculacion\Front-End\Mod-Seguridad\tsconfig.app.json", "JSON", 14, 0, 0, 0, 0, 0, 0, 0, 0, 0, 1, 1, 16
"c:\Users\andy_\OneDrive\Documentos\Vinculacion\Front-End\Mod-Seguridad\tsconfig.json", "JSON with Comments", 0, 0, 39, 0, 0, 0, 0, 0, 0, 0, 1, 2, 42
"c:\Users\andy_\OneDrive\Documentos\Vinculacion\Front-End\Mod-Seguridad\tsconfig.spec.json", "JSON", 17, 0, 0, 0, 0, 0, 0, 0, 0, 0, 1, 1, 19
"c:\Users\andy_\OneDrive\Documentos\Vinculacion\Front-End\Mod-Seguridad\tslint.json", "JSON", 152, 0, 0, 0, 0, 0, 0, 0, 0, 0, 0, 1, 153
"c:\Users\andy_\OneDrive\Documentos\Vinculacion\SQL\Inserts  AyX.sql", "SQL", 0, 57, 0, 0, 0, 0, 0, 0, 0, 0, 32, 42, 131
"c:\Users\andy_\OneDrive\Documentos\Vinculacion\SQL\Mod-Convenios\Procedimientos Buscar dato conv_inst y conv_dep.sql", "SQL", 0, 25, 0, 0, 0, 0, 0, 0, 0, 0, 3, 9, 37
"c:\Users\andy_\OneDrive\Documentos\Vinculacion\SQL\Mod-Convenios\Procedimientos Tabla Convenio Institucion.sql", "SQL", 0, 53, 0, 0, 0, 0, 0, 0, 0, 0, 9, 22, 84
"c:\Users\andy_\OneDrive\Documentos\Vinculacion\SQL\Mod-Convenios\Procedimientos Tabla Convenios .sql", "SQL", 0, 340, 0, 0, 0, 0, 0, 0, 0, 0, 23, 55, 418
"c:\Users\andy_\OneDrive\Documentos\Vinculacion\SQL\Mod-Convenios\Procedimientos Tabla Convenios Dependencia .sql", "SQL", 0, 53, 0, 0, 0, 0, 0, 0, 0, 0, 9, 23, 85
"c:\Users\andy_\OneDrive\Documentos\Vinculacion\SQL\Mod-Convenios\Procedimientos Tabla Coordinador.sql", "SQL", 0, 85, 0, 0, 0, 0, 0, 0, 0, 0, 10, 28, 123
"c:\Users\andy_\OneDrive\Documentos\Vinculacion\SQL\Mod-Convenios\Procedimientos Tabla Dependencia.sql", "SQL", 0, 52, 0, 0, 0, 0, 0, 0, 0, 0, 9, 19, 80
"c:\Users\andy_\OneDrive\Documentos\Vinculacion\SQL\Mod-Convenios\Procedimientos Tabla Ejes.sql", "SQL", 0, 62, 0, 0, 0, 0, 0, 0, 0, 0, 9, 22, 93
"c:\Users\andy_\OneDrive\Documentos\Vinculacion\SQL\Mod-Convenios\Procedimientos Tabla Institucion.sql", "SQL", 0, 48, 0, 0, 0, 0, 0, 0, 0, 0, 9, 22, 79
"c:\Users\andy_\OneDrive\Documentos\Vinculacion\SQL\Mod-Convenios\Procedimientos Tabla Planificacion.sql", "SQL", 0, 83, 0, 0, 0, 0, 0, 0, 0, 0, 15, 38, 136
"c:\Users\andy_\OneDrive\Documentos\Vinculacion\SQL\Mod-Convenios\ProcedimientosPlanificacion.sql", "SQL", 0, 13, 0, 0, 0, 0, 0, 0, 0, 0, 0, 4, 17
"c:\Users\andy_\OneDrive\Documentos\Vinculacion\SQL\Mod-Convenios\QueryesquemaVinculacion2.sql", "SQL", 0, 152, 0, 0, 0, 0, 0, 0, 0, 0, 36, 50, 238
"c:\Users\andy_\OneDrive\Documentos\Vinculacion\SQL\Mod-Seguimiento\Procedimientos Evaluacion Informe.sql", "SQL", 0, 14, 0, 0, 0, 0, 0, 0, 0, 0, 0, 1, 15
"c:\Users\andy_\OneDrive\Documentos\Vinculacion\SQL\Mod-Seguimiento\Procedimientos Tabla ActividadInforme.sql", "SQL", 0, 77, 0, 0, 0, 0, 0, 0, 0, 0, 11, 29, 117
"c:\Users\andy_\OneDrive\Documentos\Vinculacion\SQL\Mod-Seguimiento\Procedimientos Tabla EqInforme.sql", "SQL", 0, 80, 0, 0, 0, 0, 0, 0, 0, 0, 12, 28, 120
"c:\Users\andy_\OneDrive\Documentos\Vinculacion\SQL\Mod-Seguimiento\Procedimientos Tabla EstadoInforme.sql", "SQL", 0, 75, 0, 0, 0, 0, 0, 0, 0, 0, 11, 31, 117
"c:\Users\andy_\OneDrive\Documentos\Vinculacion\SQL\Mod-Seguimiento\Procedimientos Tabla Informe.sql", "SQL", 0, 300, 0, 0, 0, 0, 0, 0, 0, 0, 26, 65, 391
"c:\Users\andy_\OneDrive\Documentos\Vinculacion\SQL\Mod-Seguridad\ProcedimientosModSeguridad.sql", "SQL", 0, 378, 0, 0, 0, 0, 0, 0, 0, 0, 39, 191, 608
"c:\Users\andy_\OneDrive\Documentos\Vinculacion\SQL\Mod-Seguridad\llamado prcalm Mod-seguridad.sql", "SQL", 0, 25, 0, 0, 0, 0, 0, 0, 0, 0, 25, 55, 105
"c:\Users\andy_\OneDrive\Documentos\Vinculacion\SQL\Mod-Seguridad\sch_seguridad.sql", "SQL", 0, 89, 0, 0, 0, 0, 0, 0, 0, 0, 5, 15, 109
"c:\Users\andy_\OneDrive\Documentos\Vinculacion\SQL\QueryesquemaConvenios.sql", "SQL", 0, 120, 0, 0, 0, 0, 0, 0, 0, 0, 30, 22, 172
"c:\Users\andy_\OneDrive\Documentos\Vinculacion\SQL\inserts con datos en tablas .sql", "SQL", 0, 135, 0, 0, 0, 0, 0, 0, 0, 0, 11, 25, 171
"c:\Users\andy_\OneDrive\Documentos\Vinculacion\SQL\procedmimientosAlmacenados.sql", "SQL", 0, 103, 0, 0, 0, 0, 0, 0, 0, 0, 21, 38, 162
"c:\Users\andy_\OneDrive\Documentos\Vinculacion\bupDb.sql", "SQL", 0, 1361, 0, 0, 0, 0, 0, 0, 0, 0, 5, 38, 1404
"c:\Users\andy_\OneDrive\Documentos\Vinculacion\package-lock.json", "JSON", 1034, 0, 0, 0, 0, 0, 0, 0, 0, 0, 0, 1, 1035
"c:\Users\andy_\OneDrive\Documentos\Vinculacion\package.json", "JSON", 6, 0, 0, 0, 0, 0, 0, 0, 0, 0, 0, 1, 7
"Total", "-", 59769, 3780, 83, 8486, 1318, 4277, 16697, 28, 29932, 38, 957, 5965, 131330